ResI,chainID,Res,R,dfi,pctdfi,fdfi,pctfdfi,adfi,ravg,A
1,A,ALA,A,0.002001,0.591549295775,0.313269,0.0160965794769,-0.0764587525151,33.9739786794,NotA
2,A,ARG,R,0.001925,0.559356136821,0.307688,0.0140845070423,-0.0945674044266,32.913770727,NotA
3,A,PRO,P,0.001796,0.494969818913,0.321535,0.0181086519115,-0.116700201207,31.9242001545,NotA
4,A,CYS,C,0.001666,0.416498993964,0.336214,0.0301810865191,-0.183098591549,29.3268465967,NotA
5,A,ILE,I,0.0018,0.496981891348,0.343122,0.0362173038229,-0.124748490946,30.7303853268,NotA
6,A,PRO,P,0.00181,0.503018108652,0.391996,0.0784708249497,-0.118712273642,29.5656639784,NotA
7,A,LYS,K,0.001912,0.555331991952,0.406648,0.0965794768612,-0.122736418511,29.1133904778,NotA
8,A,SER,S,0.001987,0.579476861167,0.457133,0.158953722334,-0.0845070422535,28.3760790533,NotA
9,A,PHE,F,0.002073,0.619718309859,0.463737,0.169014084507,-0.122736418511,27.0197701308,NotA
10,A,GLY,G,0.002266,0.696177062374,0.483836,0.201207243461,-0.0583501006036,27.9207278975,NotA
11,A,TYR,Y,0.00203,0.605633802817,0.500051,0.237424547284,-0.164989939638,25.1155516629,NotA
12,A,SER,S,0.001932,0.561368209256,0.522595,0.27967806841,-0.106639839034,25.376208429,NotA
13,A,SER,S,0.001676,0.428571428571,0.507739,0.249496981891,-0.130784708249,25.4687048726,NotA
14,A,VAL,V,0.001629,0.386317907445,0.436756,0.132796780684,-0.227364185111,25.8136785995,NotA
15,A,VAL,V,0.001494,0.28370221328,0.382686,0.0704225352113,-0.398390342052,23.9996447331,NotA
16,A,CYS,C,0.001516,0.291750503018,0.341609,0.0342052313883,-0.334004024145,25.7118827011,NotA
17,A,VAL,V,0.00161,0.380281690141,0.33561,0.0281690140845,-0.247484909457,27.3300483565,NotA
18,A,CYS,C,0.001634,0.390342052314,0.322525,0.0201207243461,-0.251509054326,27.4871779773,NotA
19,A,ASN,N,0.001698,0.444668008048,0.331325,0.0221327967807,-0.187122736419,29.4032625733,NotA
20,A,ALA,A,0.001836,0.51509054326,0.331342,0.0241448692153,-0.124748490946,31.214903788,NotA
21,A,THR,T,0.0021,0.627766599598,0.303416,0.0120724346076,-0.0845070422535,33.4858172709,NotA
22,A,TYR,Y,0.001933,0.565392354125,0.296921,0.010060362173,-0.128772635815,31.7962869271,NotA
23,A,CYS,C,0.001688,0.434607645875,0.295489,0.00804828973843,-0.225352112676,28.7201957294,NotA
24,A,ASP,D,0.001711,0.454728370221,0.280879,0.00603621730382,-0.23138832998,28.6123072577,NotA
25,A,SER,S,0.001574,0.356136820926,0.275981,0.00201207243461,-0.239436619718,28.5944083242,NotA
26,A,PHE,F,0.001474,0.271629778672,0.279001,0.00402414486922,-0.187122736419,29.7667131091,NotA
27,A,ASP,D,0.00174,0.46277665996,0.334622,0.0261569416499,-0.0845070422535,32.8650172661,NotA
28,A,PRO,P,0.001981,0.575452716298,0.367752,0.0523138832998,-0.0643863179074,32.7175631037,NotA
29,A,PRO,P,0.002089,0.623742454728,0.408428,0.10060362173,-0.0301810865191,32.1148320404,NotA
30,A,THR,T,0.002675,0.814889336016,0.48236,0.199195171026,0.122736418511,35.3685427455,NotA
31,A,PHE,F,0.003031,0.893360160966,0.493178,0.225352112676,0.156941649899,35.647526877,NotA
32,A,PRO,P,0.003429,0.937625754527,0.492787,0.223340040241,0.177062374245,38.2834524412,NotA
33,A,ALA,A,0.003949,0.977867203219,0.521307,0.277665995976,0.253521126761,40.8573907082,NotA
34,A,LEU,L,0.003802,0.97384305835,0.539873,0.313883299799,0.291750503018,40.8592770625,NotA
35,A,GLY,G,0.003818,0.975855130785,0.559672,0.356136820926,0.340040241449,41.4809515116,NotA
36,A,THR,T,0.00343,0.939637826962,0.556749,0.354124748491,0.315895372233,39.3441640251,NotA
37,A,PHE,F,0.002669,0.812877263581,0.568081,0.372233400402,0.30583501006,35.6900641094,NotA
38,A,SER,S,0.002194,0.670020120724,0.524044,0.285714285714,0.187122736419,33.3809271387,NotA
39,A,ARG,R,0.001671,0.420523138833,0.573999,0.376257545272,0.229376257545,31.320983489,NotA
40,A,TYR,Y,0.001246,0.116700201207,0.491728,0.219315895372,-0.0201207243461,28.5954347006,NotA
41,A,GLU,E,0.001218,0.102615694165,0.564932,0.364185110664,0.112676056338,28.0577402967,NotA
42,A,SER,S,0.001303,0.158953722334,0.530613,0.297786720322,-0.0523138832998,25.9748458784,NotA
43,A,THR,T,0.001533,0.311871227364,0.540087,0.315895372233,0.0160965794769,26.8718019894,NotA
44,A,ARG,R,0.001711,0.454728370221,0.534727,0.307847082495,-0.0342052313883,26.187463186,NotA
45,A,SER,S,0.001933,0.565392354125,0.534505,0.303822937626,0.114688128773,29.7927646904,NotA
46,A,GLY,G,0.001768,0.474849094567,0.480063,0.193158953722,-0.0321931589537,28.9768404386,NotA
47,A,ARG,R,0.001596,0.374245472837,0.489826,0.211267605634,-0.00402414486922,29.150053838,NotA
48,A,ARG,R,0.001409,0.235412474849,0.429174,0.118712273642,-0.195171026157,26.6667882938,NotA
49,A,MET,M,0.001257,0.122736418511,0.426972,0.116700201207,-0.199195171026,26.5708720478,NotA
50,A,GLU,E,0.001502,0.285714285714,0.464156,0.171026156942,0.0,30.3522487572,NotA
51,A,LEU,L,0.00177,0.478873239437,0.451031,0.15291750503,0.0241448692153,32.1905336829,NotA
52,A,SER,S,0.002242,0.69014084507,0.51925,0.273641851107,0.195171026157,35.0939264633,NotA
53,A,MET,M,0.002872,0.859154929577,0.546873,0.329979879276,0.277665995976,36.9628292147,NotA
54,A,GLY,G,0.003385,0.933601609658,0.580419,0.400402414487,0.360160965795,39.0622812557,NotA
55,A,PRO,P,0.003698,0.969818913481,0.587254,0.418511066398,0.398390342052,40.9447113866,NotA
56,A,ILE,I,0.003555,0.957746478873,0.589904,0.426559356137,0.394366197183,40.2080649955,NotA
57,A,GLN,Q,0.004228,0.987927565392,0.588138,0.420523138833,0.41046277666,43.5749533563,NotA
58,A,ALA,A,0.004578,0.991951710262,0.575449,0.38430583501,0.380281690141,45.4346542222,NotA
59,A,ASN,N,0.00488,0.997987927565,0.584855,0.41046277666,0.408450704225,46.2223876509,NotA
60,A,HIS,H,0.004605,0.993963782696,0.598585,0.448692152918,0.440643863179,43.9473493434,NotA
61,A,THR,T,0.005002,1.0,0.598311,0.446680080483,0.440643863179,44.6018085799,NotA
62,A,GLY,G,0.004447,0.989939637827,0.622468,0.501006036217,0.486921529175,41.6524611085,NotA
63,A,THR,T,0.004733,0.995975855131,0.622602,0.503018108652,0.490945674044,42.10364997,NotA
64,A,GLY,G,0.004148,0.985915492958,0.63812,0.539235412475,0.496981891348,38.7266158042,NotA
65,A,LEU,L,0.003544,0.955734406439,0.637623,0.53722334004,0.46277665996,35.471819576,NotA
66,A,LEU,L,0.003245,0.919517102616,0.635948,0.535211267606,0.464788732394,35.5512459441,NotA
67,A,LEU,L,0.002678,0.818913480885,0.622869,0.505030181087,0.386317907445,32.701545198,NotA
68,A,THR,T,0.002701,0.824949698189,0.591246,0.434607645875,0.344064386318,34.1144690774,NotA
69,A,LEU,L,0.002334,0.712273641851,0.554114,0.348088531187,0.227364185111,32.6381143397,NotA
70,A,GLN,Q,0.002472,0.762575452716,0.490107,0.213279678068,0.108651911469,33.1833204352,NotA
71,A,PRO,P,0.002461,0.758551307847,0.469064,0.183098591549,0.0704225352113,32.759299796,NotA
72,A,GLU,E,0.002902,0.863179074447,0.444028,0.142857142857,0.0543259557344,34.2112821352,NotA
73,A,GLN,Q,0.002573,0.782696177062,0.404583,0.0905432595573,-0.0523138832998,31.4064012615,NotA
74,A,LYS,K,0.002346,0.71629778672,0.460166,0.167002012072,-0.0603621730382,28.9010820504,NotA
75,A,PHE,F,0.002102,0.631790744467,0.486809,0.20523138833,-0.17907444668,25.4113643452,NotA
76,A,GLN,Q,0.002023,0.597585513078,0.639046,0.543259557344,0.0140845070423,22.6297095472,NotA
77,A,LYS,K,0.002,0.58953722334,0.68697,0.627766599598,0.106639839034,22.7382972155,NotA
78,A,VAL,V,0.001694,0.440643863179,0.807228,0.76861167002,0.118712273642,20.0433921791,A
79,A,LYS,K,0.001854,0.525150905433,0.898121,0.845070422535,0.130784708249,18.5754857062,A
80,A,GLY,G,0.001572,0.352112676056,1.022392,0.887323943662,0.12676056338,17.2768878464,A
81,A,PHE,F,0.001414,0.241448692153,1.200652,0.923541247485,0.0643863179074,14.9607538491,A
82,A,GLY,G,0.00131,0.162977867203,1.290349,0.945674044266,0.0442655935614,13.7623485527,A
83,A,GLY,G,0.001227,0.106639839034,1.507782,0.959758551308,0.00804828973843,11.7874882725,A
84,A,ALA,A,0.001129,0.0523138832998,1.288554,0.943661971831,-0.0140845070423,11.4336807276,A
85,A,MET,M,0.001084,0.0362173038229,0.922015,0.855130784708,-0.0181086519115,14.4636415298,A
86,A,THR,T,0.001019,0.0261569416499,0.777745,0.738430583501,-0.154929577465,13.8780875476,NotA
87,A,ASP,D,0.00114,0.0583501006036,0.575167,0.382293762575,-0.402414486922,16.8627200484,NotA
88,A,ALA,A,0.001173,0.0744466800805,0.614544,0.486921529175,-0.311871227364,16.4195476509,NotA
89,A,ALA,A,0.001139,0.056338028169,0.69763,0.639839034205,-0.175050301811,16.1286097407,NotA
90,A,ALA,A,0.001252,0.120724346076,0.57435,0.378269617706,-0.323943661972,18.9652829821,NotA
91,A,LEU,L,0.001341,0.185110663984,0.515143,0.261569416499,-0.346076458753,20.8666833589,NotA
92,A,ASN,N,0.001293,0.148893360161,0.523912,0.28370221328,-0.340040241449,20.5930117637,NotA
93,A,ILE,I,0.001317,0.169014084507,0.489529,0.209255533199,-0.372233400402,21.560353492,NotA
94,A,LEU,L,0.001503,0.287726358149,0.447815,0.146881287726,-0.299798792757,24.287663485,NotA
95,A,ALA,A,0.00153,0.30985915493,0.432142,0.122736418511,-0.253521126761,25.5245263124,NotA
96,A,LEU,L,0.001544,0.319919517103,0.380812,0.0623742454728,-0.239436619718,26.8587122854,NotA
97,A,SER,S,0.001753,0.468812877264,0.368946,0.0543259557344,-0.122736418511,30.1004987264,NotA
98,A,PRO,P,0.001884,0.541247484909,0.345461,0.0422535211268,-0.142857142857,30.0067651908,NotA
99,A,PRO,P,0.001899,0.551307847082,0.338012,0.0321931589537,-0.124748490946,30.9892435777,NotA
100,A,ALA,A,0.001619,0.38430583501,0.344174,0.0382293762575,-0.211267605634,28.1424725079,NotA
101,A,GLN,Q,0.00153,0.30985915493,0.358941,0.046277665996,-0.317907444668,25.7429987501,NotA
102,A,ASN,N,0.001652,0.406438631791,0.347469,0.0442655935614,-0.251509054326,26.9658506449,NotA
103,A,LEU,L,0.001553,0.329979879276,0.344698,0.0402414486922,-0.271629778672,26.6690046317,NotA
104,A,LEU,L,0.001322,0.175050301811,0.395148,0.0845070422535,-0.420523138833,23.0430968185,NotA
105,A,LEU,L,0.001329,0.181086519115,0.437986,0.136820925553,-0.398390342052,22.42428349,NotA
106,A,LYS,K,0.00142,0.247484909457,0.430405,0.120724346076,-0.307847082495,24.6328715338,NotA
107,A,SER,S,0.001322,0.175050301811,0.437615,0.134808853119,-0.378269617706,22.8792123413,NotA
108,A,TYR,Y,0.001241,0.114688128773,0.585612,0.412474849095,-0.245472837022,19.8398529582,NotA
109,A,PHE,F,0.001326,0.177062374245,0.609456,0.470824949698,-0.112676056338,21.5181474457,NotA
110,A,SER,S,0.001471,0.269617706237,0.549729,0.336016096579,-0.0744466800805,24.9965383162,NotA
111,A,GLU,E,0.001588,0.366197183099,0.532602,0.301810865191,0.00804828973843,26.9759909837,NotA
112,A,GLU,E,0.001522,0.299798792757,0.398162,0.0865191146881,-0.175050301811,27.8775496642,NotA
113,A,GLY,G,0.001381,0.217303822938,0.458686,0.160965794769,-0.287726358149,24.277467718,NotA
114,A,ILE,I,0.001215,0.0985915492958,0.586836,0.416498993964,-0.160965794769,21.6007595703,NotA
115,A,GLY,G,0.00129,0.146881287726,0.747501,0.698189134809,0.122736418511,21.6656250264,NotA
116,A,TYR,Y,0.001342,0.187122736419,1.017396,0.885311871227,0.162977867203,18.3377830522,A
117,A,ASN,N,0.001389,0.221327967807,0.983241,0.879275653924,0.175050301811,18.8055655522,A
118,A,ILE,I,0.001344,0.189134808853,1.084144,0.903420523139,0.0643863179074,15.7281095937,A
119,A,ILE,I,0.001202,0.0885311871227,1.129297,0.909456740443,0.0402414486922,14.5840981274,A
120,A,ARG,R,0.001096,0.0422535211268,1.157998,0.913480885312,-0.0281690140845,12.2198908313,A
121,A,VAL,V,0.000928,0.0160965794769,0.969876,0.87323943662,-0.0181086519115,13.9529204719,A
122,A,PRO,P,0.000821,0.00603621730382,0.910112,0.849094567404,-0.0704225352113,13.2304337761,A
123,A,MET,M,0.000917,0.0140845070423,0.711388,0.663983903421,-0.164989939638,15.8791304021,NotA
124,A,ALA,A,0.001178,0.0764587525151,0.464846,0.177062374245,-0.575452716298,17.4181990022,NotA
125,A,SER,S,0.00121,0.0945674044266,0.470002,0.185110663984,-0.623742454728,16.2445104223,NotA
126,A,CYS,C,0.001238,0.112676056338,0.651824,0.565392354125,-0.348088531187,13.4425705393,NotA
127,A,ASP,D,0.001381,0.217303822938,0.579613,0.392354124748,-0.517102615694,13.5783711321,NotA
128,A,PHE,F,0.001205,0.0905432595573,0.614743,0.490945674044,-0.408450704225,13.7639134272,NotA
129,A,SER,S,0.001233,0.108651911469,0.48749,0.207243460765,-0.581488933602,16.790416726,NotA
130,A,ILE,I,0.001569,0.350100603622,0.498911,0.235412474849,-0.41046277666,20.0490429735,NotA
131,A,ARG,R,0.001691,0.438631790744,0.416755,0.108651911469,-0.492957746479,20.95685656,NotA
132,A,THR,T,0.001903,0.553319919517,0.540749,0.317907444668,-0.315895372233,20.206051182,NotA
133,A,TYR,Y,0.001883,0.539235412475,0.534599,0.30583501006,-0.285714285714,21.1851623363,NotA
134,A,THR,T,0.001802,0.498993963783,0.591007,0.432595573441,-0.189134808853,20.7435104848,NotA
135,A,TYR,Y,0.001995,0.587525150905,0.635374,0.529175050302,0.0120724346076,22.8357396645,NotA
136,A,ALA,A,0.00244,0.744466800805,0.715738,0.672032193159,0.273641851107,25.2403743741,NotA
137,A,ASP,D,0.002747,0.832997987928,0.705458,0.649899396378,0.293762575453,25.8619731393,NotA
138,A,THR,T,0.003361,0.929577464789,0.747406,0.696177062374,0.492957746479,29.4735004734,NotA
139,A,PRO,P,0.003583,0.959758551308,0.782854,0.74245472837,0.561368209256,30.0725617985,NotA
140,A,ASP,D,0.003621,0.961770623742,0.807175,0.766599597586,0.613682092555,31.1089585908,A
141,A,ASP,D,0.003457,0.941649899396,0.807734,0.770623742455,0.61569416499,31.0673184715,A
142,A,PHE,F,0.003247,0.92152917505,0.822901,0.792756539235,0.617706237425,30.2332118231,A
143,A,GLN,Q,0.003371,0.931589537223,0.811822,0.776659959759,0.631790744467,31.3807261642,A
144,A,LEU,L,0.003014,0.889336016097,0.788009,0.744466800805,0.521126760563,29.073111293,NotA
145,A,HIS,H,0.003537,0.953722334004,0.771339,0.724346076459,0.591549295775,31.984867263,NotA
146,A,ASN,N,0.003254,0.923541247485,0.738201,0.686116700201,0.521126760563,30.5850271164,NotA
147,A,PHE,F,0.002624,0.796780684105,0.712022,0.665995975855,0.386317907445,27.2604278246,NotA
148,A,SER,S,0.002453,0.752515090543,0.646053,0.557344064386,0.251509054326,26.765250477,NotA
149,A,LEU,L,0.00202,0.595573440644,0.575926,0.388329979879,-0.0523138832998,24.5570178984,NotA
150,A,PRO,P,0.001843,0.519114688129,0.492294,0.221327967807,-0.20523138833,24.7671528006,NotA
151,A,GLU,E,0.001636,0.394366197183,0.435494,0.130784708249,-0.263581488934,25.2590913997,NotA
152,A,GLU,E,0.001369,0.20523138833,0.384335,0.0724346076459,-0.501006036217,21.6937455327,NotA
153,A,ASP,D,0.001372,0.207243460765,0.400665,0.0885311871227,-0.476861167002,21.7623095025,NotA
154,A,THR,T,0.001664,0.414486921529,0.443538,0.140845070423,-0.249496981891,25.2805168675,NotA
155,A,LYS,K,0.001636,0.394366197183,0.434471,0.12676056338,-0.235412474849,25.7640562309,NotA
156,A,LEU,L,0.001399,0.229376257545,0.464989,0.17907444668,-0.348088531187,22.6455959256,NotA
157,A,LYS,K,0.001289,0.142857142857,0.50296,0.241448692153,-0.406438631791,20.0437926619,NotA
158,A,ILE,I,0.001449,0.25754527163,0.464384,0.173038229376,-0.364185110664,22.4114752242,NotA
159,A,PRO,P,0.001553,0.329979879276,0.445252,0.144869215292,-0.273641851107,24.8111420916,NotA
160,A,LEU,L,0.001416,0.243460764588,0.496819,0.233400402414,-0.307847082495,22.3652679745,NotA
161,A,ILE,I,0.001419,0.245472837022,0.504058,0.245472837022,-0.350100603622,21.0572635095,NotA
162,A,HIS,H,0.001564,0.342052313883,0.449482,0.150905432596,-0.281690140845,24.6233850778,NotA
163,A,ARG,R,0.001483,0.275653923541,0.448763,0.148893360161,-0.239436619718,25.3477539569,NotA
164,A,ALA,A,0.001378,0.211267605634,0.480204,0.195171026157,-0.336016096579,22.5933099953,NotA
165,A,LEU,L,0.001529,0.303822937626,0.475587,0.191146881288,-0.28370221328,23.90802246,NotA
166,A,GLN,Q,0.001673,0.426559356137,0.458738,0.162977867203,-0.114688128773,27.2962784595,NotA
167,A,LEU,L,0.001539,0.317907444668,0.490975,0.217303822938,-0.10060362173,26.5591657341,NotA
168,A,ALA,A,0.001537,0.315895372233,0.556528,0.350100603622,-0.092555331992,24.548983748,NotA
169,A,GLN,Q,0.00164,0.396378269618,0.586331,0.414486921529,0.0704225352113,26.1115099225,NotA
170,A,ARG,R,0.001573,0.354124748491,0.721675,0.678068410463,0.263581488934,24.8828220088,NotA
171,A,PRO,P,0.001592,0.372233400402,0.771727,0.728370221328,0.267605633803,24.1168711375,NotA
172,A,VAL,V,0.001462,0.267605633803,0.875239,0.832997987928,0.217303822938,20.7837448714,A
173,A,SER,S,0.001447,0.255533199195,0.967644,0.871227364185,0.164989939638,18.7828437223,A
174,A,LEU,L,0.0013,0.154929577465,0.913093,0.851106639839,0.0845070422535,17.1320654841,A
175,A,LEU,L,0.001202,0.0885311871227,0.948928,0.863179074447,-0.0120724346076,14.4351848288,A
176,A,ALA,A,0.000915,0.0120724346076,1.158476,0.915492957746,0.0342052313883,14.2802076493,A
177,A,SER,S,0.000788,0.00402414486922,1.611041,0.965794768612,0.0221327967807,12.2176086499,A
178,A,PRO,P,0.00078,0.00201207243461,1.099538,0.905432595573,-0.00603621730382,13.5735306282,A
179,A,TRP,W,0.001056,0.0321931589537,1.014606,0.883299798793,-0.0523138832998,12.6096238361,A
180,A,THR,T,0.001382,0.219315895372,0.768124,0.72032193159,-0.106639839034,15.8826632808,NotA
181,A,SER,S,0.001697,0.442655935614,0.712575,0.66800804829,-0.0281690140845,19.0586025582,NotA
182,A,PRO,P,0.002261,0.69416498994,0.753226,0.706237424547,0.158953722334,22.2511474312,NotA
183,A,THR,T,0.002686,0.82092555332,0.762071,0.714285714286,0.213279678068,23.2106169075,NotA
184,A,TRP,W,0.003056,0.897384305835,0.815268,0.784708249497,0.458752515091,26.342065847,A
185,A,LEU,L,0.002629,0.800804828974,0.825645,0.798792756539,0.362173038229,24.5912991536,A
186,A,LYS,K,0.002624,0.796780684105,0.81118,0.772635814889,0.263581488934,22.9975422538,A
187,A,THR,T,0.003066,0.89939637827,0.842859,0.818913480885,0.396378269618,24.7963547628,A
188,A,ASN,N,0.003316,0.927565392354,0.821839,0.790744466801,0.346076458753,24.3563365401,A
189,A,GLY,G,0.003212,0.915492957746,0.800531,0.752515090543,0.340040241449,24.8945187302,A
190,A,ALA,A,0.003015,0.891348088531,0.747614,0.700201207243,0.160965794769,22.3986069387,NotA
191,A,VAL,V,0.002354,0.718309859155,0.702654,0.643863179074,-0.0362173038229,19.3580922586,NotA
192,A,ASN,N,0.002382,0.734406438632,0.752872,0.704225352113,-0.046277665996,17.6129579607,NotA
193,A,GLY,G,0.002852,0.855130784708,0.816952,0.786720321932,0.0744466800805,18.7332276285,A
194,A,LYS,K,0.002838,0.853118712274,0.90853,0.84708249497,0.162977867203,19.3033175485,A
195,A,GLY,G,0.002605,0.790744466801,0.836134,0.810865191147,0.173038229376,20.1660152862,A
196,A,SER,S,0.002168,0.663983903421,0.833748,0.804828973843,0.148893360161,19.8835703976,A
197,A,LEU,L,0.002202,0.676056338028,0.813014,0.778672032193,0.217303822938,21.9255589181,A
198,A,LYS,K,0.002767,0.837022132797,0.842661,0.816901408451,0.442655935614,25.6242217367,A
199,A,GLY,G,0.002911,0.865191146881,0.802184,0.756539235412,0.501006036217,27.991279195,A
200,A,GLN,Q,0.002591,0.786720321932,0.771488,0.726358148893,0.43661971831,27.1091011666,NotA
201,A,PRO,P,0.002241,0.688128772636,0.750629,0.702213279678,0.354124748491,26.0646139482,NotA
202,A,GLY,G,0.002498,0.76861167002,0.793984,0.750503018109,0.519114688129,28.7578891419,A
203,A,ASP,D,0.002786,0.843058350101,0.838397,0.812877263581,0.625754527163,29.9321517414,A
204,A,ILE,I,0.002917,0.871227364185,0.850465,0.822937625755,0.643863179074,30.0931034699,A
205,A,TYR,Y,0.002607,0.792756539235,0.825292,0.796780684105,0.498993963783,26.8729696885,A
206,A,HIS,H,0.002163,0.653923541247,0.800879,0.754527162978,0.334004024145,24.7991352602,A
207,A,GLN,Q,0.002376,0.728370221328,0.814054,0.780684104628,0.476861167002,26.8326016085,A
208,A,THR,T,0.002416,0.740442655936,0.802754,0.758551307847,0.422535211268,26.2479650639,A
209,A,TRP,W,0.001921,0.557344064386,0.753322,0.708249496982,0.175050301811,22.5120237561,NotA
210,A,ALA,A,0.001856,0.527162977867,0.74186,0.688128772636,0.169014084507,22.7570134335,NotA
211,A,ARG,R,0.002245,0.692152917505,0.761974,0.712273641851,0.311871227364,25.2364592883,NotA
212,A,TYR,Y,0.001941,0.567404426559,0.727551,0.680080482897,0.164989939638,22.835837612,NotA
213,A,PHE,F,0.001708,0.450704225352,0.695138,0.635814889336,0.0181086519115,20.783599726,NotA
214,A,VAL,V,0.002166,0.659959758551,0.712938,0.670020120724,0.203219315895,24.0185250503,NotA
215,A,LYS,K,0.002227,0.684104627767,0.706046,0.653923541247,0.245472837022,24.9966935301,NotA
216,A,PHE,F,0.001834,0.513078470825,0.660975,0.583501006036,0.0241448692153,21.9621531679,NotA
217,A,LEU,L,0.001988,0.581488933602,0.651595,0.561368209256,0.0362173038229,22.6900457965,NotA
218,A,ASP,D,0.002376,0.728370221328,0.663514,0.593561368209,0.259557344064,26.2540188336,NotA
219,A,ALA,A,0.002224,0.682092555332,0.638759,0.541247484909,0.175050301811,25.721622403,NotA
220,A,TYR,Y,0.001987,0.579476861167,0.616447,0.492957746479,0.010060362173,23.7747618153,NotA
221,A,ALA,A,0.002339,0.714285714286,0.635629,0.531187122736,0.199195171026,26.2922661061,NotA
222,A,GLU,E,0.002602,0.788732394366,0.633955,0.527162977867,0.297786720322,28.8904630035,NotA
223,A,HIS,H,0.002382,0.734406438632,0.619544,0.496981891348,0.223340040241,27.3726727906,NotA
224,A,LYS,K,0.002552,0.774647887324,0.623038,0.507042253521,0.243460764588,27.6914385127,NotA
225,A,LEU,L,0.002119,0.64185110664,0.624321,0.513078470825,0.0543259557344,24.1298518111,NotA
226,A,GLN,Q,0.002047,0.609657947686,0.667496,0.603621730382,0.106639839034,23.2421188177,NotA
227,A,PHE,F,0.001552,0.325955734406,0.693701,0.633802816901,-0.010060362173,20.0702647633,NotA
228,A,TRP,W,0.001724,0.460764587525,0.766025,0.718309859155,0.0422535211268,19.4029321083,NotA
229,A,ALA,A,0.001462,0.267605633803,0.763696,0.71629778672,-0.0523138832998,17.1179977381,NotA
230,A,VAL,V,0.001113,0.046277665996,0.915151,0.853118712274,0.00804828973843,15.4275982679,A
231,A,THR,T,0.000975,0.0221327967807,1.182676,0.92152917505,0.0,13.1712331559,A
232,A,ALA,A,0.000887,0.010060362173,1.170968,0.919517102616,0.0523138832998,14.6104185815,A
233,A,GLU,E,0.000825,0.00804828973843,1.688422,0.969818913481,0.0321931589537,12.3698116448,A
234,A,ASN,N,0.001028,0.0281690140845,2.236245,0.989939637827,0.0140845070423,9.33599507998,A
235,A,GLU,E,0.00138,0.213279678068,2.888694,0.993963782696,0.00201207243461,8.02308242247,A
236,A,PRO,P,0.001462,0.267605633803,1.642211,0.967806841046,0.0181086519115,11.7930661009,A
237,A,SER,S,0.002027,0.601609657948,1.306831,0.949698189135,0.0160965794769,12.726829158,A
238,A,ALA,A,0.002199,0.674044265594,1.232485,0.927565392354,-0.0120724346076,12.2616825233,A
239,A,GLY,G,0.002117,0.637826961771,0.993258,0.881287726358,0.0241448692153,14.9697390016,A
240,A,LEU,L,0.002562,0.778672032193,1.037065,0.897384305835,0.132796780684,17.1344441544,A
241,A,LEU,L,0.003043,0.8953722334,1.02263,0.889336016097,0.12676056338,17.2167004949,A
242,A,SER,S,0.003462,0.943661971831,0.951417,0.865191146881,0.223340040241,20.1481603291,A
243,A,GLY,G,0.00351,0.951710261569,0.840659,0.814889336016,0.154929577465,19.7910226399,A
244,A,TYR,Y,0.002914,0.867203219316,0.85321,0.826961770624,0.0160965794769,16.236531727,A
245,A,PRO,P,0.002831,0.851106639839,0.730231,0.682092555332,-0.118712273642,16.4181078561,NotA
246,A,PHE,F,0.002105,0.633802816901,0.771935,0.730382293763,-0.156941649899,14.1767825958,NotA
247,A,GLN,Q,0.001786,0.48490945674,0.768409,0.722334004024,-0.142857142857,14.6626318904,NotA
248,A,CYS,C,0.001667,0.418511066398,0.92727,0.859154929577,-0.0442655935614,13.7110909135,A
249,A,LEU,L,0.001566,0.348088531187,0.888138,0.839034205231,-0.00804828973843,15.412561641,A
250,A,GLY,G,0.001831,0.51106639839,0.978551,0.877263581489,0.0523138832998,15.9401859202,A
251,A,PHE,F,0.001705,0.448692152918,1.155707,0.911468812877,0.116700201207,16.7030076095,A
252,A,THR,T,0.002048,0.611670020121,0.78931,0.746478873239,0.0140845070423,18.1722541617,NotA
253,A,PRO,P,0.001898,0.549295774648,0.59035,0.428571428571,-0.30583501006,18.0738530142,NotA
254,A,GLU,E,0.002026,0.599597585513,0.590886,0.430583501006,-0.148893360161,21.5701619123,NotA
255,A,HIS,H,0.001847,0.521126760563,0.744313,0.692152917505,0.0865191146881,20.8850143309,NotA
256,A,GLN,Q,0.001522,0.299798792757,0.654641,0.573440643863,-0.146881287726,18.3803339837,NotA
257,A,ARG,R,0.001748,0.464788732394,0.510868,0.255533199195,-0.344064386318,20.9574348085,NotA
258,A,ASP,D,0.001891,0.547283702213,0.609666,0.472837022133,-0.0140845070423,23.655010991,NotA
259,A,PHE,F,0.001691,0.438631790744,0.64472,0.551307847082,-0.00603621730382,22.0098880201,NotA
260,A,ILE,I,0.001673,0.426559356137,0.551672,0.344064386318,-0.243460764588,21.3462266959,NotA
261,A,ALA,A,0.002051,0.613682092555,0.578962,0.390342052314,-0.0342052313883,24.7684117399,NotA
262,A,ARG,R,0.002183,0.66800804829,0.68135,0.617706237425,0.307847082495,26.6894358424,NotA
263,A,ASP,D,0.002032,0.607645875252,0.716116,0.676056338028,0.269617706237,25.0290964357,NotA
264,A,LEU,L,0.001788,0.486921529175,0.657598,0.577464788732,0.0261569416499,22.2324972588,NotA
265,A,GLY,G,0.002063,0.61569416499,0.594229,0.438631790744,-0.0543259557344,23.5844164895,NotA
266,A,PRO,P,0.002469,0.760563380282,0.664045,0.595573440644,0.307847082495,27.1487139417,NotA
267,A,THR,T,0.002379,0.730382293763,0.704103,0.647887323944,0.325955734406,26.4778110861,NotA
268,A,LEU,L,0.00229,0.700201207243,0.662288,0.58953722334,0.158953722334,24.626338817,NotA
269,A,ALA,A,0.002742,0.830985915493,0.643877,0.549295774648,0.263581488934,27.2084858593,NotA
270,A,ASN,N,0.003075,0.903420523139,0.68079,0.613682092555,0.430583501006,30.0069568182,NotA
271,A,SER,S,0.002916,0.869215291751,0.692756,0.631790744467,0.396378269618,28.7035007159,NotA
272,A,THR,T,0.003149,0.911468812877,0.684058,0.621730382294,0.416498993964,29.420261051,NotA
273,A,HIS,H,0.002632,0.802816901408,0.667873,0.605633802817,0.247484909457,25.8319148679,NotA
274,A,HIS,H,0.002756,0.835010060362,0.651684,0.56338028169,0.235412474849,26.3287574427,NotA
275,A,ASN,N,0.002785,0.841046277666,0.686535,0.625754527163,0.233400402414,25.2785509551,NotA
276,A,VAL,V,0.001958,0.571428571429,0.66204,0.587525150905,0.0201207243461,21.7378006961,NotA
277,A,ARG,R,0.001857,0.529175050302,0.709981,0.659959758551,-0.00603621730382,19.6727153853,NotA
278,A,LEU,L,0.001462,0.267605633803,0.791449,0.748490945674,0.00201207243461,17.7738698115,NotA
279,A,LEU,L,0.001373,0.209255533199,0.966098,0.869215291751,0.00603621730382,14.8606597771,A
280,A,MET,M,0.001303,0.158953722334,1.070778,0.901408450704,0.0241448692153,14.315243333,A
281,A,LEU,L,0.001362,0.197183098592,1.257835,0.933601609658,-0.0120724346076,11.9923373169,A
282,A,ASP,D,0.00125,0.118712273642,1.704042,0.971830985915,-0.00603621730382,9.1981154789,A
283,A,ASP,D,0.001517,0.295774647887,1.806027,0.975855130785,-0.00804828973843,8.52852734509,A
284,A,GLN,Q,0.001761,0.470824949698,1.390571,0.953722334004,-0.0181086519115,9.39608507739,A
285,A,ARG,R,0.001994,0.585513078471,1.025321,0.891348088531,-0.056338028169,11.798355223,A
286,A,LEU,L,0.002299,0.702213279678,0.835556,0.806841046278,-0.0824949698189,14.0316743214,A
287,A,LEU,L,0.002156,0.649899396378,0.773654,0.734406438632,-0.148893360161,14.2620397034,NotA
288,A,LEU,L,0.002199,0.674044265594,0.641454,0.547283702213,-0.28370221328,15.8664570124,NotA
289,A,PRO,P,0.002358,0.72032193159,0.550855,0.340040241449,-0.376257545272,18.4223663706,NotA
290,A,HIS,H,0.002405,0.736418511066,0.494875,0.229376257545,-0.456740442656,19.2463280563,NotA
291,A,TRP,W,0.002112,0.635814889336,0.526076,0.287726358149,-0.482897384306,17.1069463324,NotA
292,A,ALA,A,0.002164,0.657947686117,0.48564,0.203219315895,-0.523138832998,18.3029409845,NotA
293,A,LYS,K,0.002456,0.756539235412,0.416392,0.106639839034,-0.464788732394,21.7196497011,NotA
294,A,VAL,V,0.002274,0.698189134809,0.376326,0.0603621730382,-0.503018108652,21.7752204554,NotA
295,A,VAL,V,0.002028,0.603621730382,0.372279,0.056338028169,-0.56338028169,20.7473501571,NotA
296,A,LEU,L,0.002328,0.710261569416,0.382536,0.0684104627767,-0.480885311871,22.2335741198,NotA
297,A,THR,T,0.002669,0.812877263581,0.363946,0.0482897384306,-0.334004024145,25.4226654581,NotA
298,A,ASP,D,0.00251,0.770623742455,0.381965,0.0643863179074,-0.273641851107,26.228737958,NotA
299,A,PRO,P,0.0028,0.845070422535,0.426043,0.114688128773,-0.142857142857,27.925989252,NotA
300,A,GLU,E,0.002575,0.784708249497,0.500381,0.239436619718,-0.0261569416499,27.6858204968,NotA
301,A,ALA,A,0.002126,0.643863179074,0.45678,0.156941649899,-0.315895372233,23.9376188704,NotA
302,A,ALA,A,0.002363,0.722334004024,0.423637,0.112676056338,-0.378269617706,23.5981318938,NotA
303,A,LYS,K,0.002701,0.824949698189,0.503197,0.243460764588,-0.128772635815,25.6258000161,NotA
304,A,TYR,Y,0.002168,0.663983903421,0.54444,0.327967806841,-0.17907444668,23.0150858664,NotA
305,A,VAL,V,0.001851,0.523138832998,0.599855,0.452716297787,-0.199195171026,20.0272387791,NotA
306,A,HIS,H,0.002016,0.593561368209,0.736148,0.684104627767,0.0221327967807,19.7684263294,NotA
307,A,GLY,G,0.00182,0.507042253521,0.882265,0.837022132797,0.0543259557344,16.902361622,A
308,A,ILE,I,0.001659,0.41046277666,1.027886,0.893360160966,0.00804828973843,14.2469044581,A
309,A,ALA,A,0.00144,0.253521126761,1.388945,0.951710261569,-0.010060362173,11.0422896313,A
310,A,VAL,V,0.001562,0.338028169014,1.504713,0.957746478873,-0.0160965794769,9.36354691786,A
311,A,HIS,H,0.001546,0.321931589537,1.841149,0.977867203219,-0.0160965794769,7.21464717087,NotA
312,A,TRP,W,0.001559,0.336016096579,1.71512,0.97384305835,-0.0160965794769,8.20636927258,A
313,A,TYR,Y,0.001517,0.295774647887,2.13731,0.987927565392,0.00603621730382,8.88938379653,A
314,A,LEU,L,0.001451,0.259557344064,1.565319,0.963782696177,0.0,11.0210951311,A
315,A,ASP,D,0.001722,0.458752515091,1.240859,0.929577464789,0.00603621730382,13.1576657812,A
316,A,PHE,F,0.001883,0.539235412475,1.28634,0.939637826962,0.0442655935614,13.7953566003,A
317,A,LEU,L,0.002151,0.645875251509,0.746559,0.69416498994,-0.146881287726,15.6982305715,NotA
318,A,ALA,A,0.002304,0.706237424547,0.706999,0.655935613682,-0.193158953722,15.3681152125,NotA
319,A,PRO,P,0.002453,0.752515090543,0.589546,0.422535211268,-0.317907444668,17.9254040281,NotA
320,A,ALA,A,0.002239,0.686116700201,0.612516,0.482897384306,-0.291750503018,17.028007764,NotA
321,A,LYS,K,0.002546,0.772635814889,0.566691,0.370221327968,-0.259557344064,20.239440571,NotA
322,A,ALA,A,0.002663,0.808853118712,0.550663,0.338028169014,-0.297786720322,20.190112888,NotA
323,A,THR,T,0.002303,0.704225352113,0.614545,0.48893360161,-0.289738430584,16.9960557926,NotA
324,A,LEU,L,0.002102,0.631790744467,0.61908,0.494969818913,-0.301810865191,16.6335479661,NotA
325,A,GLY,G,0.002414,0.738430583501,0.5635,0.360160965795,-0.27967806841,20.1513953331,NotA
326,A,GLU,E,0.002627,0.798792756539,0.516686,0.269617706237,-0.315895372233,21.3792531883,NotA
327,A,THR,T,0.002367,0.724346076459,0.515628,0.263581488934,-0.41046277666,19.4688141813,NotA
328,A,HIS,H,0.002446,0.748490945674,0.515941,0.267605633803,-0.342052313883,20.8581557166,NotA
329,A,ARG,R,0.002853,0.857142857143,0.475521,0.189134808853,-0.275653923541,24.1024060995,NotA
330,A,LEU,L,0.002831,0.851106639839,0.434981,0.128772635815,-0.334004024145,24.1137075128,NotA
331,A,PHE,F,0.002561,0.776659959759,0.434177,0.124748490946,-0.386317907445,22.9225729954,NotA
332,A,PRO,P,0.002677,0.816901408451,0.464785,0.175050301811,-0.30985915493,23.7391312118,NotA
333,A,ASN,N,0.00257,0.780684104628,0.515871,0.265593561368,-0.211267605634,23.8295508677,NotA
334,A,THR,T,0.00222,0.680080482897,0.631384,0.525150905433,-0.10060362173,20.4707467634,NotA
335,A,MET,M,0.002099,0.625754527163,0.806555,0.764587525151,0.0362173038229,18.2840994094,A
336,A,LEU,L,0.001872,0.533199195171,0.940997,0.861167002012,0.010060362173,15.227906243,A
337,A,PHE,F,0.001682,0.430583501006,1.274376,0.937625754527,0.00603621730382,12.7683045808,A
338,A,ALA,A,0.001563,0.340040241449,1.513613,0.961770623742,-0.00603621730382,9.86531442458,A
339,A,SER,S,0.001321,0.171026156942,2.38295,0.991951710262,0.00603621730382,8.35309256677,A
340,A,GLU,E,0.001306,0.160965794769,3.485464,0.997987927565,-0.00201207243461,5.69267000404,NotA
341,A,ALA,A,0.001332,0.183098591549,3.106922,0.995975855131,-0.00201207243461,6.67631533899,NotA
342,A,CYS,C,0.001368,0.201207243461,5.581713,1.0,0.00402414486922,6.97011624039,NotA
343,A,VAL,V,0.001478,0.273641851107,1.994711,0.983903420523,0.0181086519115,10.3762190289,A
344,A,GLY,G,0.001655,0.408450704225,1.286977,0.941649899396,0.0241448692153,13.2768973557,A
345,A,SER,S,0.001841,0.517102615694,1.21331,0.92555331992,-0.00201207243461,12.9258321617,A
346,A,LYS,K,0.002176,0.665995975855,0.957616,0.867203219316,0.0482897384306,16.0625425334,A
347,A,PHE,F,0.002482,0.766599597586,0.881472,0.835010060362,0.110663983903,18.328626354,A
348,A,TRP,W,0.002646,0.806841046278,0.85144,0.824949698189,0.213279678068,20.84916282,A
349,A,GLU,E,0.002209,0.678068410463,0.849653,0.82092555332,0.122736418511,19.0477170694,A
350,A,GLN,Q,0.001886,0.543259557344,0.823007,0.79476861167,0.10060362173,19.0721818827,A
351,A,SER,S,0.001613,0.382293762575,0.977992,0.875251509054,0.0543259557344,16.0026265754,A
352,A,VAL,V,0.001488,0.27967806841,0.833274,0.802816901408,0.046277665996,17.2836331911,A
353,A,ARG,R,0.001559,0.336016096579,0.566507,0.368209255533,-0.30985915493,19.3626130779,NotA
354,A,LEU,L,0.001582,0.360160965795,0.496466,0.23138832998,-0.35814889336,21.2413792311,NotA
355,A,GLY,G,0.001585,0.364185110664,0.465496,0.181086519115,-0.374245472837,22.1536355921,NotA
356,A,SER,S,0.001651,0.404426559356,0.543973,0.325955734406,-0.301810865191,20.2729149523,NotA
357,A,TRP,W,0.001547,0.323943661972,0.606809,0.460764587525,-0.142857142857,20.9110692724,NotA
358,A,ASP,D,0.001685,0.432595573441,0.743247,0.69014084507,0.0,19.1843335832,NotA
359,A,ARG,R,0.00159,0.368209255533,0.804034,0.762575452716,-0.0724346076459,15.7328853755,A
360,A,GLY,G,0.001361,0.195171026157,0.758111,0.710261569416,-0.0764587525151,16.8005289219,NotA
361,A,MET,M,0.001392,0.225352112676,0.814885,0.782696177062,0.0442655935614,17.9591955368,A
362,A,GLN,Q,0.001554,0.33199195171,0.874217,0.830985915493,-0.0301810865191,14.8623113864,A
363,A,TYR,Y,0.00141,0.237424547284,0.924497,0.857142857143,-0.0583501006036,13.3408802602,A
364,A,SER,S,0.001275,0.132796780684,0.866154,0.828973843058,0.0261569416499,16.3321933765,A
365,A,HIS,H,0.001429,0.249496981891,0.77671,0.736418511066,-0.0543259557344,16.7863509212,NotA
366,A,SER,S,0.001565,0.346076458753,0.811402,0.774647887324,-0.130784708249,13.6647632958,A
367,A,ILE,I,0.001432,0.251509054326,0.782142,0.740442655936,-0.130784708249,14.508301297,NotA
368,A,ILE,I,0.001391,0.223340040241,0.66282,0.591549295775,-0.15291750503,17.7880114832,NotA
369,A,THR,T,0.001604,0.376257545272,0.650314,0.559356136821,-0.213279678068,17.0390576993,NotA
370,A,ASN,N,0.001643,0.400402414487,0.710571,0.661971830986,-0.191146881288,15.0928014608,NotA
371,A,LEU,L,0.001581,0.35814889336,0.645909,0.555331991952,-0.187122736419,17.9240228363,NotA
372,A,LEU,L,0.001649,0.402414486922,0.561233,0.35814889336,-0.273641851107,20.2154824215,NotA
373,A,TYR,Y,0.001874,0.535211267606,0.605735,0.458752515091,-0.249496981891,18.7735222024,NotA
374,A,HIS,H,0.001888,0.545271629779,0.661534,0.585513078471,-0.114688128773,19.0456344606,NotA
375,A,VAL,V,0.001774,0.482897384306,0.836093,0.808853118712,-0.0241448692153,15.8656801464,A
376,A,VAL,V,0.00179,0.48893360161,0.896536,0.843058350101,0.0623742454728,16.9047904675,A
377,A,GLY,G,0.00166,0.412474849095,1.10686,0.907444668008,0.0281690140845,14.2916724645,A
378,A,TRP,W,0.00153,0.30985915493,1.294591,0.9476861167,-0.00603621730382,11.6691929577,A
379,A,THR,T,0.001317,0.169014084507,1.872136,0.979879275654,0.010060362173,9.83775093909,A
380,A,ASP,D,0.001269,0.12676056338,2.023036,0.985915492958,0.00603621730382,9.01151279748,A
381,A,TRP,W,0.00121,0.0945674044266,1.91328,0.981891348089,-0.00603621730382,8.28277519781,A
382,A,ASN,N,0.001128,0.0503018108652,1.274333,0.935613682093,-0.0241448692153,11.2255334204,A
383,A,LEU,L,0.001122,0.0482897384306,1.041337,0.89939637827,0.00201207243461,13.7727904384,A
384,A,ALA,A,0.001108,0.0442655935614,0.803421,0.760563380282,-0.0764587525151,15.7291977665,A
385,A,LEU,L,0.001197,0.0804828973843,0.703174,0.645875251509,-0.158953722334,16.3147815411,NotA
386,A,ASN,N,0.00129,0.146881287726,0.591667,0.43661971831,-0.233400402414,19.5261489392,NotA
387,A,PRO,P,0.001401,0.233400402414,0.581452,0.402414486922,-0.211267605634,20.8164130266,NotA
388,A,GLU,E,0.001485,0.277665995976,0.677505,0.609657947686,-0.0543259557344,19.7485285109,NotA
389,A,GLY,G,0.001369,0.20523138833,0.77233,0.732394366197,-0.0804828973843,16.2212508838,NotA
390,A,GLY,G,0.001317,0.169014084507,0.690685,0.629778672032,-0.146881287726,17.0191728969,NotA
391,A,PRO,P,0.001328,0.17907444668,0.601806,0.454728370221,-0.281690140845,18.029431488,NotA
392,A,ASN,N,0.001401,0.233400402414,0.547419,0.33199195171,-0.474849094567,16.2448613931,NotA
393,A,TRP,W,0.001643,0.400402414487,0.493719,0.227364185111,-0.490945674044,18.3867118196,NotA
394,A,VAL,V,0.00177,0.478873239437,0.526107,0.289738430584,-0.464788732394,17.3513755158,NotA
395,A,ARG,R,0.001816,0.505030181087,0.698743,0.64185110664,-0.150905432596,16.7409633869,NotA
396,A,ASN,N,0.001592,0.372233400402,0.892226,0.841046277666,-0.00201207243461,15.5083636989,A
397,A,PHE,F,0.001714,0.456740442656,1.241798,0.931589537223,0.0241448692153,13.6645743771,A
398,A,VAL,V,0.001489,0.281690140845,1.468902,0.955734406439,0.0,11.5712509066,A
399,A,ASP,D,0.001353,0.193158953722,1.16389,0.917505030181,-0.0120724346076,12.8955277043,A
400,A,SER,S,0.001198,0.0824949698189,1.027895,0.8953722334,-0.0301810865191,13.0954320558,A
401,A,PRO,P,0.001212,0.0965794768612,0.82939,0.800804828974,-0.0543259557344,15.0883222092,A
402,A,ILE,I,0.001201,0.0845070422535,0.679196,0.611670020121,-0.136820925553,17.6503423909,NotA
403,A,ILE,I,0.001237,0.110663983903,0.565813,0.366197183099,-0.325955734406,19.1537340455,NotA
404,A,VAL,V,0.001285,0.138832997988,0.473366,0.187122736419,-0.382293762575,21.7280099581,NotA
405,A,ASP,D,0.001535,0.313883299799,0.411867,0.1046277666,-0.311871227364,24.8820622427,NotA
406,A,ILE,I,0.001634,0.390342052314,0.40956,0.102615694165,-0.217303822938,26.5141051144,NotA
407,A,THR,T,0.001949,0.569416498994,0.393823,0.0824949698189,-0.112676056338,29.6559622878,NotA
408,A,LYS,K,0.00186,0.531187122736,0.382426,0.0663983903421,-0.106639839034,30.3302128568,NotA
409,A,ASP,D,0.001673,0.426559356137,0.373108,0.0583501006036,-0.158953722334,29.1186047518,NotA
410,A,THR,T,0.001584,0.362173038229,0.365486,0.0503018108652,-0.23138832998,27.2385240802,NotA
411,A,PHE,F,0.001413,0.239436619718,0.385727,0.0744466800805,-0.404426559356,23.7977851613,NotA
412,A,TYR,Y,0.001363,0.199195171026,0.389702,0.0764587525151,-0.446680080483,22.7179341729,NotA
413,A,LYS,K,0.001299,0.15291750503,0.440574,0.138832997988,-0.458752515091,21.0038553456,NotA
414,A,GLN,Q,0.001273,0.130784708249,0.517459,0.271629778672,-0.416498993964,19.2126575121,NotA
415,A,PRO,P,0.001279,0.136820925553,0.580093,0.398390342052,-0.269617706237,19.6025982789,NotA
416,A,MET,M,0.001277,0.134808853119,0.707155,0.657947686117,-0.164989939638,15.9790558074,NotA
417,A,PHE,F,0.001217,0.10060362173,0.668564,0.607645875252,-0.150905432596,17.2821305784,NotA
418,A,TYR,Y,0.001157,0.0704225352113,0.607344,0.46277665996,-0.191146881288,19.9643064243,NotA
419,A,HIS,H,0.001154,0.0684104627767,0.683829,0.619718309859,-0.110663983903,18.273431105,NotA
420,A,LEU,L,0.001189,0.0784708249497,0.705966,0.651911468813,-0.164989939638,16.1134992767,NotA
421,A,GLY,G,0.001131,0.0543259557344,0.652991,0.571428571429,-0.110663983903,19.3233772811,NotA
422,A,HIS,H,0.001011,0.0241448692153,0.621552,0.498993963783,-0.0945674044266,21.1781289511,NotA
423,A,PHE,F,0.001084,0.0362173038229,0.659964,0.581488933602,-0.0905432595573,19.4794952515,NotA
424,A,SER,S,0.001152,0.0643863179074,0.695708,0.637826961771,-0.0724346076459,18.7586227342,NotA
425,A,LYS,K,0.001171,0.0724346076459,0.630192,0.523138832998,-0.0301810865191,22.2186617504,NotA
426,A,PHE,F,0.001143,0.0603621730382,0.552108,0.346076458753,-0.124748490946,23.9503536532,NotA
427,A,ILE,I,0.001289,0.142857142857,0.612239,0.478873239437,-0.0643863179074,22.3073470143,NotA
428,A,PRO,P,0.001508,0.289738430584,0.680907,0.61569416499,0.112676056338,23.084568764,NotA
429,A,GLU,E,0.001749,0.466800804829,0.820696,0.788732394366,0.243460764588,22.2601144082,A
430,A,GLY,G,0.002089,0.623742454728,0.715927,0.674044265594,0.235412474849,24.5616799577,NotA
431,A,SER,S,0.001773,0.480885311871,0.582427,0.404426559356,-0.0301810865191,24.6184501945,NotA
432,A,GLN,Q,0.001794,0.492957746479,0.548172,0.334004024145,-0.0704225352113,25.0894656603,NotA
433,A,ARG,R,0.001606,0.378269617706,0.454512,0.154929577465,-0.295774647887,24.2594296265,NotA
434,A,VAL,V,0.001827,0.509054325956,0.40823,0.0985915492958,-0.171026156942,27.5284622402,NotA
435,A,GLY,G,0.002119,0.64185110664,0.416846,0.110663983903,-0.110663983903,29.0796081558,NotA
436,A,LEU,L,0.00216,0.651911468813,0.507712,0.247484909457,0.0402414486922,29.4122211944,NotA
437,A,VAL,V,0.002781,0.839034205231,0.540908,0.321931589537,0.181086519115,31.5589388329,NotA
438,A,ALA,A,0.003073,0.901408450704,0.579902,0.396378269618,0.259557344064,31.8891500563,NotA
439,A,SER,S,0.003626,0.963782696177,0.595489,0.442655935614,0.370221327968,35.5141214194,NotA
440,A,GLN,Q,0.004015,0.981891348089,0.589722,0.424547283702,0.344064386318,34.89618461,NotA
441,A,LYS,K,0.004111,0.983903420523,0.575824,0.386317907445,0.263581488934,32.5219444239,NotA
442,A,ASN,N,0.003492,0.949698189135,0.60866,0.468812877264,0.30583501006,30.7232802572,NotA
443,A,ASP,D,0.002953,0.879275653924,0.60541,0.456740442656,0.203219315895,28.0183967364,NotA
444,A,LEU,L,0.001992,0.583501006036,0.611724,0.474849094567,0.150905432596,26.3474972848,NotA
445,A,ASP,D,0.001565,0.346076458753,0.52633,0.291750503018,-0.207243460765,23.2402308988,NotA
446,A,ALA,A,0.001226,0.1046277666,0.490146,0.215291750503,-0.239436619718,24.1836186126,NotA
447,A,VAL,V,0.001149,0.0623742454728,0.393488,0.0804828973843,-0.408450704225,23.6267669266,NotA
448,A,ALA,A,0.001269,0.12676056338,0.404681,0.092555331992,-0.261569416499,25.9266505531,NotA
449,A,LEU,L,0.001396,0.227364185111,0.406522,0.0945674044266,-0.275653923541,25.6453817769,NotA
450,A,MET,M,0.001762,0.472837022133,0.481539,0.197183098592,-0.0482897384306,28.2380581676,NotA
451,A,HIS,H,0.00196,0.573440643863,0.536768,0.311871227364,0.0643863179074,28.1580846578,NotA
452,A,PRO,P,0.00248,0.764587525151,0.579835,0.394366197183,0.195171026157,29.5651000473,NotA
453,A,ASP,D,0.002886,0.861167002012,0.564794,0.362173038229,0.247484909457,32.7349005724,NotA
454,A,GLY,G,0.002635,0.804828973843,0.528427,0.293762575453,0.187122736419,33.0252898568,NotA
455,A,SER,S,0.002429,0.74245472837,0.510832,0.253521126761,0.128772635815,32.3954751506,NotA
456,A,ALA,A,0.001809,0.501006036217,0.513889,0.259557344064,0.0905432595573,30.5249429457,NotA
457,A,VAL,V,0.001298,0.150905432596,0.459449,0.164989939638,-0.102615694165,27.5362917164,NotA
458,A,VAL,V,0.001085,0.0382293762575,0.509204,0.251509054326,-0.056338028169,26.6895402739,NotA
459,A,VAL,V,0.000931,0.0181086519115,0.529596,0.295774647887,-0.160965794769,24.1458564433,NotA
460,A,VAL,V,0.001093,0.0402414486922,0.611916,0.476861167002,0.0804828973843,25.2413267936,NotA
461,A,LEU,L,0.001272,0.128772635815,0.607851,0.464788732394,-0.0301810865191,23.349188912,NotA
462,A,ASN,N,0.001792,0.490945674044,0.627011,0.517102615694,0.138832997988,25.4834300077,NotA
463,A,ARG,R,0.002152,0.647887323944,0.574381,0.380281690141,-0.10060362173,23.7878744199,NotA
464,A,SER,S,0.002736,0.828973843058,0.599577,0.450704225352,0.167002012072,27.2371999787,NotA
465,A,SER,S,0.003139,0.909456740443,0.597215,0.444668008048,0.251509054326,29.7653361303,NotA
466,A,LYS,K,0.003239,0.917505030181,0.629225,0.519114688129,0.392354124748,32.3562596521,NotA
467,A,ASP,D,0.002936,0.87323943662,0.651879,0.567404426559,0.464788732394,33.2198325076,NotA
468,A,VAL,V,0.002994,0.885311871227,0.659442,0.579476861167,0.478873239437,33.247319242,NotA
469,A,PRO,P,0.003312,0.92555331992,0.656961,0.575452716298,0.513078470825,36.0109735661,NotA
470,A,LEU,L,0.002985,0.883299798793,0.66652,0.601609657948,0.519114688129,34.71881934,NotA
471,A,THR,T,0.003111,0.905432595573,0.652396,0.569416498994,0.51106639839,36.3026605342,NotA
472,A,ILE,I,0.002722,0.826961770624,0.644973,0.553319919517,0.468812877264,34.544675998,NotA
473,A,LYS,K,0.003006,0.887323943662,0.607993,0.466800804829,0.412474849095,36.6585776346,NotA
474,A,ASP,D,0.002946,0.877263581489,0.572093,0.374245472837,0.317907444668,36.5830017632,NotA
475,A,PRO,P,0.003469,0.945674044266,0.54392,0.323943661972,0.287726358149,39.3717004854,NotA
476,A,ALA,A,0.003734,0.971830985915,0.523872,0.281690140845,0.251509054326,40.3732337392,NotA
477,A,VAL,V,0.003674,0.965794768612,0.551115,0.342052313883,0.315895372233,40.4978571735,NotA
478,A,GLY,G,0.003691,0.967806841046,0.582493,0.406438631791,0.388329979879,41.0723870567,NotA
479,A,PHE,F,0.003487,0.9476861167,0.612568,0.48490945674,0.450704225352,39.7347405739,NotA
480,A,LEU,L,0.003135,0.907444668008,0.623932,0.509054325956,0.460764587525,37.5008264848,NotA
481,A,GLU,E,0.003416,0.935613682093,0.626415,0.51509054326,0.470824949698,38.3323315088,NotA
482,A,THR,T,0.002943,0.875251509054,0.63947,0.545271629779,0.480885311871,35.8774003738,NotA
483,A,ILE,I,0.002809,0.84708249497,0.664425,0.597585513078,0.51106639839,34.3531930418,NotA
484,A,SER,S,0.002164,0.657947686117,0.685739,0.623742454728,0.464788732394,30.7929921595,NotA
485,A,PRO,P,0.00232,0.708249496982,0.665069,0.599597585513,0.448692152918,31.1417822646,NotA
486,A,GLY,G,0.002456,0.756539235412,0.635705,0.533199195171,0.33199195171,29.5239298888,NotA
487,A,TYR,Y,0.002067,0.617706237425,0.584482,0.408450704225,0.0684104627767,26.2007026222,NotA
488,A,SER,S,0.001525,0.301810865191,0.612342,0.480885311871,0.128772635815,25.9356402636,NotA
489,A,ILE,I,0.001154,0.0684104627767,0.624249,0.51106639839,0.0583501006036,24.2361221975,NotA
490,A,HIS,H,0.001045,0.0301810865191,0.629579,0.521126760563,0.191146881288,26.3103132484,NotA
491,A,THR,T,0.00095,0.0201207243461,0.556529,0.352112676056,0.00603621730382,26.0855773686,NotA
492,A,TYR,Y,0.001348,0.191146881288,0.59545,0.440643863179,0.229376257545,29.3778950229,NotA
493,A,LEU,L,0.0017,0.446680080483,0.511277,0.25754527163,0.0905432595573,30.5544938995,NotA
494,A,TRP,W,0.002443,0.746478873239,0.540897,0.319919517103,0.225352112676,33.8858161673,NotA
495,A,HIS,H,0.002968,0.881287726358,0.531302,0.299798792757,0.239436619718,36.0203593961,NotA
496,A,ARG,R,0.003153,0.913480885312,0.536594,0.30985915493,0.259557344064,37.2524166788,NotA
497,A,GLN,Q,0.003997,0.979879275654,0.520266,0.275653923541,0.247484909457,40.382133587,NotA
