,ResI,ChainID,Res,R,dfi,pctdfi,fdfi,pctfdfi,adfi,ravg,rmin,A
0,1,A,MET,M,0.00441064671594,0.970786516854,0.768046,0.379775280899,0.332584269663,47.4920824369,45.3564396861,NotA
1,2,A,LYS,K,0.00411061203196,0.961797752809,0.700688,0.260674157303,0.197752808989,47.1471838818,45.1024632698,NotA
2,3,A,GLY,G,0.00337654978919,0.910112359551,0.653247,0.143820224719,0.0292134831461,44.63065061,42.6783907967,NotA
3,4,A,ARG,R,0.00300776939136,0.858426966292,0.602373,0.0674157303371,-0.0606741573034,44.0819276707,42.3128229382,NotA
4,5,A,LEU,L,0.00239315803949,0.683146067416,0.622213,0.0898876404494,-0.0404494382022,43.8069345475,42.388079421,NotA
5,6,A,ILE,I,0.00207928360845,0.530337078652,0.592435,0.0584269662921,-0.0988764044944,42.4652730124,41.2304989783,NotA
6,7,A,SER,S,0.00198407067679,0.460674157303,0.644542,0.125842696629,-0.0112359550562,43.6188290003,42.738837724,NotA
7,8,A,SER,S,0.00201162890748,0.485393258427,0.683665,0.231460674157,0.0831460674157,43.2229974175,42.6541112907,NotA
8,9,A,ASP,D,0.00239485140689,0.685393258427,0.730039,0.314606741573,0.213483146067,45.5569872144,45.1557465335,NotA
9,10,A,PRO,P,0.00242477419569,0.689887640449,0.745055,0.334831460674,0.215730337079,44.3199172591,43.5423799648,NotA
10,11,A,TYR,Y,0.00294921119978,0.844943820225,0.774208,0.4,0.34606741573,47.3038625624,46.3456262877,NotA
11,12,A,ARG,R,0.00314506280901,0.876404494382,0.780478,0.415730337079,0.397752808989,49.5112543257,48.7437952667,NotA
12,13,A,GLN,Q,0.00288919663347,0.838202247191,0.778003,0.406741573034,0.355056179775,47.3147867952,46.5084405458,NotA
13,14,A,GLN,Q,0.00266470934629,0.768539325843,0.758803,0.366292134831,0.296629213483,47.0077485404,46.5225712961,NotA
14,15,A,PHE,F,0.00226169953487,0.622471910112,0.710371,0.283146067416,0.148314606742,43.6475837937,43.0036811099,NotA
15,16,A,LEU,L,0.00217848316936,0.586516853933,0.628435,0.0966292134831,-0.0629213483146,42.3441351462,41.3631625242,NotA
16,17,A,VAL,V,0.00255546799675,0.732584269663,0.668376,0.197752808989,0.105617977528,45.773593498,44.680973971,NotA
17,18,A,GLU,E,0.00297815257301,0.851685393258,0.57202,0.038202247191,-0.0561797752809,45.7440870892,44.3362640059,NotA
18,19,A,ARG,R,0.0035581933679,0.923595505618,0.59205,0.0561797752809,0.0179775280899,48.3228951304,46.7918177783,NotA
19,20,A,ALA,A,0.00410386597065,0.959550561798,0.577165,0.0426966292135,0.0202247191011,48.8015224518,47.0429596327,NotA
20,21,A,VAL,V,0.0039850805078,0.948314606742,0.652874,0.141573033708,0.116853932584,48.7731030212,47.1102640621,NotA
21,22,A,SER,S,0.00430685962462,0.966292134831,0.705384,0.27191011236,0.251685393258,49.3458782802,47.5673965338,NotA
22,23,A,PHE,F,0.00426113518628,0.96404494382,0.770235,0.384269662921,0.350561797753,48.4272263118,46.7327035276,NotA
23,24,A,SER,S,0.00502757599786,0.986516853933,0.781775,0.41797752809,0.406741573034,51.2342535334,49.591982598,NotA
24,25,A,HIS,H,0.00547631386866,0.991011235955,0.814404,0.521348314607,0.512359550562,51.6472692589,49.9915350735,NotA
25,26,A,ARG,R,0.00519255593765,0.988764044944,0.878194,0.647191011236,0.633707865169,50.1827771687,48.7866688143,NotA
26,27,A,GLN,Q,0.00641173139153,0.995505617978,0.885598,0.662921348315,0.658426966292,52.5523473484,51.3855587301,NotA
27,28,A,ARG,R,0.00721696895237,1.0,0.947008,0.725842696629,0.723595505618,52.7787885521,51.7314385746,NotA
28,29,A,ASP,D,0.00673120871349,0.997752808989,0.912541,0.689887640449,0.683146067416,51.9014290639,51.1381336871,NotA
29,30,A,CYS,C,0.00564090796313,0.993258426966,0.939023,0.716853932584,0.676404494382,48.2839132866,47.5937685942,NotA
30,31,A,SER,S,0.00502448257119,0.984269662921,0.836476,0.570786516854,0.52808988764,48.2021113315,47.6186672955,NotA
31,32,A,GLU,E,0.00403057027195,0.952808988764,0.811406,0.510112359551,0.429213483146,46.238644995,45.8174610602,NotA
32,33,A,LEU,L,0.00346404276566,0.916853932584,0.932308,0.705617977528,0.573033707865,43.7348731278,43.1134670144,NotA
33,34,A,ILE,I,0.002720569221,0.788764044944,1.0347,0.808988764045,0.6,40.3560073271,39.6375811194,A
34,35,A,SER,S,0.00280118935317,0.811235955056,1.141243,0.862921348315,0.638202247191,39.5328455085,38.5477522561,A
35,36,A,VAL,V,0.00239166337301,0.678651685393,1.242305,0.894382022472,0.622471910112,37.3200116835,36.0115597829,A
36,37,A,LEU,L,0.00250441352402,0.719101123596,1.300741,0.914606741573,0.622471910112,36.1329352244,34.5598262148,A
37,38,A,PRO,P,0.00233125141009,0.65393258427,1.226744,0.892134831461,0.555056179775,34.8151192818,32.8895266308,A
38,39,A,ARG,R,0.00283650109785,0.826966292135,1.211559,0.885393258427,0.532584269663,34.4990965188,32.3769613614,A
39,40,A,HIS,H,0.00266446318186,0.766292134831,1.243401,0.896629213483,0.456179775281,31.7058401897,29.8608728104,A
40,41,A,ALA,A,0.00243912069421,0.696629213483,1.083229,0.847191011236,0.312359550562,28.6720392328,26.6971729215,A
41,42,A,LEU,L,0.00230485886943,0.642696629213,0.966766,0.759550561798,0.132584269663,25.5582213419,23.8987804919,A
42,43,A,GLN,Q,0.00229160099929,0.629213483146,0.840849,0.575280898876,-0.12808988764,22.3458330892,20.6055864755,NotA
43,44,A,GLN,Q,0.00228297285722,0.624719101124,0.78832,0.433707865169,-0.274157303371,22.2458870169,20.0461878171,NotA
44,45,A,ILE,I,0.00191771619821,0.408988764045,0.658167,0.166292134831,-0.539325842697,22.2696709889,20.3174378552,NotA
45,46,A,ASP,D,0.0021228046689,0.555056179775,0.687144,0.238202247191,-0.492134831461,21.4979557055,19.3056681055,NotA
46,47,A,GLY,G,0.00178716395672,0.341573033708,0.607842,0.0741573033708,-0.588764044944,24.2703397454,22.4202655872,NotA
47,48,A,PHE,F,0.00162089000657,0.206741573034,0.649769,0.134831460674,-0.480898876404,25.7502579984,24.4172103648,NotA
48,49,A,GLY,G,0.00150982137346,0.141573033708,0.701725,0.265168539326,-0.334831460674,26.2514514645,25.170885046,NotA
49,50,A,GLY,G,0.00140299116552,0.0943820224719,0.740772,0.330337078652,-0.258426966292,26.5186552476,25.6632560873,NotA
50,51,A,SER,S,0.00127362536135,0.0539325842697,0.804806,0.485393258427,-0.14606741573,25.517946523,24.1736721662,NotA
51,52,A,PHE,F,0.00113538778008,0.0269662921348,0.887222,0.667415730337,0.0876404494382,26.9504905907,25.4912856286,NotA
52,53,A,THR,T,0.00106568137295,0.0224719101124,0.882874,0.660674157303,0.105617977528,27.4883452159,25.3929758201,NotA
53,54,A,GLU,E,0.001212042283,0.0426966292135,0.855866,0.602247191011,0.114606741573,29.9408372943,27.6150302915,NotA
54,55,A,GLY,G,0.00133226948395,0.0719101123596,0.782714,0.422471910112,-0.00449438202247,32.0998387078,29.6550080256,NotA
55,56,A,ALA,A,0.00134566969875,0.076404494382,0.804026,0.483146067416,0.0606741573034,32.2196641307,30.2785882102,NotA
56,57,A,GLY,G,0.00144674106336,0.121348314607,0.797101,0.465168539326,0.0651685393258,32.7886482046,31.0083286393,NotA
57,58,A,VAL,V,0.00162240221964,0.208988764045,0.711308,0.287640449438,-0.0247191011236,35.6445957938,33.5301042945,NotA
58,59,A,VAL,V,0.00169364390469,0.265168539326,0.687787,0.244943820225,-0.0292134831461,37.2036737595,35.2128723906,NotA
59,60,A,PHE,F,0.00177664159098,0.332584269663,0.69161,0.249438202247,-0.0269662921348,36.8753666071,35.3478066646,NotA
60,61,A,ASN,N,0.00196741606089,0.444943820225,0.667628,0.191011235955,-0.0539325842697,38.4974577966,36.8900369477,NotA
61,62,A,SER,S,0.00210972777255,0.548314606742,0.602419,0.0696629213483,-0.107865168539,41.3599535531,39.541368034,NotA
62,63,A,MET,M,0.00223805967367,0.613483146067,0.635653,0.105617977528,-0.0561797752809,42.2569672439,40.7828739179,NotA
63,64,A,SER,S,0.00261868060524,0.748314606742,0.642218,0.116853932584,0.00674157303371,45.260680225,44.0072718764,NotA
64,65,A,GLU,E,0.00274498790519,0.8,0.650197,0.137078651685,0.0202247191011,44.5868366857,43.4930947163,NotA
65,66,A,LYS,K,0.00287639484719,0.83595505618,0.649528,0.132584269663,0.0449438202247,45.913151626,44.7704212288,NotA
66,67,A,THR,T,0.00249334784985,0.716853932584,0.642052,0.114606741573,-0.0247191011236,43.5346646717,42.5992086781,NotA
67,68,A,LYS,K,0.00221423585481,0.602247191011,0.655706,0.152808988764,-0.0494382022472,40.5234156409,39.4853693031,NotA
68,69,A,ALA,A,0.00239558043666,0.687640449438,0.671193,0.204494382022,0.0247191011236,41.3395220171,39.9540472168,NotA
69,70,A,GLN,Q,0.00237297261759,0.67191011236,0.64579,0.12808988764,-0.0449438202247,41.8159742126,40.5916652652,NotA
70,71,A,PHE,F,0.00195791062994,0.433707865169,0.629346,0.0988764044944,-0.141573033708,38.5979102364,37.5902626487,NotA
71,72,A,LEU,L,0.00183524028312,0.379775280899,0.671138,0.202247191011,-0.0831460674157,36.4994569229,35.1474715165,NotA
72,73,A,SER,S,0.00202061992645,0.494382022472,0.675321,0.211235955056,-0.0426966292135,38.2910724968,36.7101176517,NotA
73,74,A,LEU,L,0.00193038895685,0.41797752809,0.619035,0.085393258427,-0.173033707865,37.8471684692,36.5652947616,NotA
74,75,A,TYR,Y,0.00166125882349,0.23595505618,0.612613,0.076404494382,-0.298876404494,34.08394311,32.8090877959,NotA
75,76,A,PHE,F,0.00172003895589,0.280898876404,0.695285,0.25393258427,-0.134831460674,33.2821943836,31.5712482807,NotA
76,77,A,SER,S,0.00194588670976,0.426966292135,0.691948,0.251685393258,-0.0359550561798,36.2845979481,34.3428375502,NotA
77,78,A,ALA,A,0.0020132017929,0.487640449438,0.7068,0.274157303371,-0.0337078651685,35.7327901795,33.5272082643,NotA
78,79,A,GLN,Q,0.00209529589762,0.537078651685,0.656575,0.159550561798,-0.076404494382,38.8562230378,36.8230354669,NotA
79,80,A,GLU,E,0.00191548373025,0.406741573034,0.624569,0.0921348314607,-0.173033707865,37.6145678355,35.9569140778,NotA
80,81,A,HIS,H,0.00159941330513,0.193258426966,0.594294,0.0606741573034,-0.303370786517,34.2678791335,32.8062176119,NotA
81,82,A,ASN,N,0.00165167985116,0.222471910112,0.676303,0.220224719101,-0.191011235955,32.5159115275,30.6594191237,NotA
82,83,A,TYR,Y,0.00163394222174,0.215730337079,0.647211,0.130337078652,-0.379775280899,29.3083777969,27.6834097791,NotA
83,84,A,THR,T,0.00165958934761,0.231460674157,0.653873,0.148314606742,-0.442696629213,26.5121487422,24.5195448979,NotA
84,85,A,LEU,L,0.0014977680888,0.137078651685,0.752663,0.348314606742,-0.32808988764,23.5714662324,21.9399116224,NotA
85,86,A,ALA,A,0.00133646128225,0.0741573033708,0.845791,0.579775280899,-0.103370786517,23.280322311,22.1401516255,NotA
86,87,A,ARG,R,0.00116363630701,0.0337078651685,0.882696,0.658426966292,-0.076404494382,21.2559709459,20.2044903177,NotA
87,88,A,MET,M,0.0009619531133,0.0134831460674,1.039454,0.813483146067,0.103370786517,22.2423025647,20.6707606536,A
88,89,A,PRO,P,0.000832377842692,0.00224719101124,1.044304,0.815730337079,0.0943820224719,21.6338442864,19.3486530281,A
89,90,A,ILE,I,0.000875800468718,0.00898876404494,0.805101,0.487640449438,-0.262921348315,20.5280454389,18.1359497408,NotA
90,91,A,GLN,Q,0.00115025219654,0.0292134831461,0.893045,0.67191011236,-0.00674157303371,23.4266539047,20.563371635,NotA
91,92,A,SER,S,0.00121831327199,0.0494382022472,0.94947,0.730337078652,0.0943820224719,25.4659037616,22.3007028813,NotA
92,93,A,CYS,C,0.00128115090845,0.0584269662921,0.85168,0.595505617978,-0.0539325842697,24.946090351,21.6841461902,NotA
93,94,A,ASP,D,0.00151268901129,0.143820224719,0.750142,0.34606741573,-0.202247191011,27.828955772,24.4052363848,NotA
94,95,A,PHE,F,0.00136653124485,0.0786516853933,0.753344,0.350561797753,-0.157303370787,29.362077603,26.4020796908,NotA
95,96,A,SER,S,0.00132417476794,0.0651685393258,0.813177,0.514606741573,0.0359550561798,30.4917322182,27.4839141499,NotA
96,97,A,LEU,L,0.00162063378458,0.202247191011,0.808642,0.505617977528,0.12808988764,33.8433004823,30.7113792917,NotA
97,98,A,GLY,G,0.00169085181701,0.260674157303,0.81735,0.523595505618,0.103370786517,32.2568071515,28.7784067836,NotA
98,99,A,ASN,N,0.00173344580539,0.292134831461,0.940165,0.719101123596,0.213483146067,29.4058027408,25.7846699029,NotA
99,100,A,TYR,Y,0.00174198277662,0.301123595506,0.976324,0.768539325843,0.231460674157,28.5419355267,25.238210416,A
100,101,A,ALA,A,0.00183265047795,0.377528089888,0.894939,0.676404494382,0.0741573033708,26.1077331226,22.9290073706,NotA
101,102,A,TYR,Y,0.00204460145564,0.512359550562,0.853143,0.597752808989,-0.00674157303371,25.997641339,23.3221511444,NotA
102,103,A,VAL,V,0.00261186343597,0.74606741573,0.875085,0.640449438202,0.0629213483146,26.9980169685,24.0431973123,NotA
103,104,A,ASP,D,0.00300549286544,0.856179775281,0.896923,0.678651685393,0.161797752809,28.9783121668,25.5679735607,NotA
104,105,A,SER,S,0.00368896554492,0.934831460674,0.875661,0.644943820225,0.14606741573,29.686624185,26.2233098407,NotA
105,106,A,SER,S,0.00404925567892,0.955056179775,0.850886,0.588764044944,0.0494382022472,28.4948642128,25.167293001,NotA
106,107,A,ALA,A,0.00452663806178,0.975280898876,0.84808,0.58202247191,0.132584269663,31.5368212046,28.493482711,NotA
107,108,A,ASP,D,0.00394174941898,0.94606741573,0.856181,0.606741573034,0.139325842697,30.7243494754,27.9330575126,NotA
108,109,A,LEU,L,0.00368504322905,0.932584269663,0.832739,0.56404494382,-0.00674157303371,27.1964474339,24.5006536239,NotA
109,110,A,GLN,Q,0.00447380621126,0.973033707865,0.807942,0.498876404494,-0.0314606741573,28.7250094938,26.2457458267,NotA
110,111,A,GLN,Q,0.00458834422664,0.977528089888,0.800342,0.476404494382,0.0157303370787,31.2078774992,29.0008114024,NotA
111,112,A,GLY,G,0.00400349388998,0.950561797753,0.771187,0.386516853933,-0.14606741573,28.6931546053,26.7394956759,NotA
112,113,A,ARG,R,0.00366533964085,0.930337078652,0.803875,0.480898876404,0.0,30.4053690947,28.2247749504,NotA
113,114,A,LEU,L,0.00283331785431,0.824719101124,0.797676,0.47191011236,-0.0719101123596,28.2804694887,26.0835980647,NotA
114,115,A,SER,S,0.00244669103313,0.701123595506,0.792614,0.444943820225,-0.0494382022472,29.8272057062,27.618724699,NotA
115,116,A,PHE,F,0.00199256477055,0.474157303371,0.805202,0.489887640449,-0.0314606741573,28.8893561195,26.958647926,NotA
116,117,A,SER,S,0.0019617238914,0.438202247191,0.790696,0.442696629213,0.0292134831461,32.4824967814,30.534925004,NotA
117,118,A,ARG,R,0.00167537651165,0.251685393258,0.8337,0.566292134831,0.132584269663,31.8548942401,29.5898033282,NotA
118,119,A,ASP,D,0.00144435259082,0.119101123596,0.857488,0.611235955056,0.0988764044944,29.2939896844,27.3860230227,NotA
119,120,A,GLU,E,0.00172031855078,0.285393258427,0.821934,0.534831460674,0.0898876404494,31.6742633632,30.1838855849,NotA
120,121,A,ALA,A,0.00174998006182,0.307865168539,0.799343,0.474157303371,0.119101123596,34.4579648148,32.7312226475,NotA
121,122,A,HIS,H,0.00152915020589,0.155056179775,0.814308,0.519101123596,0.121348314607,32.8739640719,30.9726659169,NotA
122,123,A,LEU,L,0.00139658593861,0.0921348314607,0.851146,0.591011235955,0.0988764044944,29.8726599583,28.3057266467,NotA
123,124,A,ILE,I,0.00159852385194,0.191011235955,0.819989,0.530337078652,0.0449438202247,30.2637599412,29.1948924814,NotA
124,125,A,PRO,P,0.0017577678666,0.316853932584,0.785445,0.426966292135,0.047191011236,33.6767201505,32.5464875217,NotA
125,126,A,LEU,L,0.00165745469464,0.229213483146,0.795972,0.460674157303,0.0539325842697,32.5674506275,31.542842532,NotA
126,127,A,ILE,I,0.00158917707985,0.188764044944,0.81834,0.52808988764,0.0247191011236,29.4712106454,28.1484113584,NotA
127,128,A,SER,S,0.00177071669709,0.32808988764,0.795932,0.458426966292,0.0112359550562,31.5919781726,29.8891949206,NotA
128,129,A,GLY,G,0.0018305840226,0.375280898876,0.775718,0.404494382022,0.0359550561798,34.2180263971,32.5856452291,NotA
129,130,A,ALA,A,0.0017222890237,0.287640449438,0.797125,0.467415730337,0.038202247191,31.9253194923,30.2491511782,NotA
130,131,A,LEU,L,0.00180159122794,0.355056179775,0.807815,0.494382022472,0.0202247191011,30.521833184,28.4262707719,NotA
131,132,A,ARG,R,0.00199087536967,0.469662921348,0.793477,0.449438202247,0.076404494382,34.1575001374,31.9347229517,NotA
132,133,A,LEU,L,0.0019884953575,0.467415730337,0.779026,0.411235955056,0.0674157303371,34.6810132025,32.5003590134,NotA
133,134,A,ASN,N,0.00193022936937,0.415730337079,0.773772,0.397752808989,-0.0561797752809,31.4255111575,29.0662856416,NotA
134,135,A,PRO,P,0.00197367387287,0.451685393258,0.790546,0.438202247191,-0.0516853932584,29.9251181248,27.307279524,NotA
135,136,A,HIS,H,0.00194505813606,0.424719101124,0.74649,0.337078651685,-0.231460674157,27.3051204385,24.5204257304,NotA
136,137,A,MET,M,0.00161165579336,0.197752808989,0.753593,0.352808988764,-0.27191011236,25.6108948037,23.2944996512,NotA
137,138,A,LYS,K,0.00151544327375,0.148314606742,0.851374,0.593258426966,-0.121348314607,21.8606536601,19.5479815838,NotA
138,139,A,LEU,L,0.00132442371244,0.0674157303371,1.124977,0.858426966292,0.119101123596,20.9323364361,19.1453329561,A
139,140,A,MET,M,0.00118773248926,0.038202247191,1.129836,0.860674157303,0.0516853932584,18.0673586369,16.8250169094,A
140,141,A,ALA,A,0.000898191607324,0.0112359550562,1.061326,0.824719101124,0.00898876404494,17.8678046329,16.6118869789,A
141,142,A,SER,S,0.000869201698976,0.00449438202247,0.929662,0.703370786517,-0.150561797753,16.7199854983,14.5087987442,NotA
142,143,A,PRO,P,0.000874692075259,0.00674157303371,0.620632,0.0876404494382,-0.730337078652,17.7695928413,14.7259894744,NotA
143,144,A,TRP,W,0.00117062150665,0.0359550561798,0.626298,0.0943820224719,-0.678651685393,19.8565398343,16.2640056874,NotA
144,145,A,SER,S,0.00143464836605,0.105617977528,0.650743,0.139325842697,-0.61797752809,20.2648344491,16.3172005565,NotA
145,146,A,PRO,P,0.00174058187104,0.296629213483,0.726094,0.307865168539,-0.456179775281,20.0958951885,16.2632076787,NotA
146,147,A,PRO,P,0.00220644555455,0.597752808989,0.857599,0.613483146067,-0.0606741573034,23.6180576701,19.8460545449,NotA
147,148,A,ALA,A,0.00263528956276,0.755056179775,0.898353,0.680898876404,0.0629213483146,25.7116066244,21.5447000907,NotA
148,149,A,PHE,F,0.00308000724952,0.869662921348,0.924651,0.701123595506,0.103370786517,26.2583357975,22.1665010545,NotA
149,150,A,MET,M,0.00271050472686,0.777528089888,0.872336,0.63595505618,-0.0606741573034,22.5817421954,18.5062458105,NotA
150,151,A,LYS,K,0.00265729141708,0.761797752809,0.81166,0.512359550562,-0.186516853933,22.4627842818,17.9586622275,NotA
151,152,A,THR,T,0.00307268465354,0.867415730337,0.786365,0.429213483146,-0.242696629213,23.8969040604,19.1778331675,NotA
152,153,A,ASN,N,0.00320169109609,0.887640449438,0.82404,0.539325842697,-0.0539325842697,26.4072143138,21.6515271979,NotA
153,154,A,ASN,N,0.00316107652,0.880898876404,0.880854,0.65393258427,0.0943820224719,27.428505915,22.9098274764,NotA
154,155,A,ASP,D,0.00283173863585,0.822471910112,0.880653,0.651685393258,0.0898876404494,27.400967085,22.9338607958,NotA
155,156,A,MET,M,0.00219044543347,0.595505617978,0.82831,0.552808988764,-0.0876404494382,25.3087647907,21.0606555216,NotA
156,157,A,ASN,N,0.00235435257281,0.665168539326,0.830282,0.557303370787,-0.0269662921348,26.716559,22.3382211915,NotA
157,158,A,GLY,G,0.0026993340531,0.775280898876,0.790102,0.43595505618,-0.150561797753,26.7153723,22.1012444446,NotA
158,159,A,GLY,G,0.00239206994679,0.680898876404,0.722238,0.305617977528,-0.379775280899,23.17593158,18.4698471569,NotA
159,160,A,GLY,G,0.00258084734402,0.739325842697,0.759815,0.368539325843,-0.332584269663,22.4585695881,17.6126460533,NotA
160,161,A,LYS,K,0.00229579256874,0.63595505618,0.746609,0.339325842697,-0.449438202247,19.2538376564,14.4143895466,NotA
161,162,A,LEU,L,0.00225324625372,0.61797752809,0.778903,0.408988764045,-0.404494382022,18.0229557501,13.4784808491,NotA
162,163,A,ARG,R,0.002767311549,0.808988764045,0.874929,0.638202247191,-0.137078651685,19.7668159155,15.3873640693,NotA
163,164,A,ARG,R,0.00282411981142,0.81797752809,1.011564,0.797752808989,-0.0224719101124,17.6699156267,13.5907893443,A
164,165,A,GLU,E,0.00316694327416,0.883146067416,1.077162,0.842696629213,0.0719101123596,19.8591724052,16.269444674,A
165,166,A,CYS,C,0.00274306931142,0.797752808989,1.072355,0.83595505618,0.0426966292135,19.0548661181,15.4619872267,A
166,167,A,TYR,Y,0.00237950387465,0.674157303371,1.147113,0.865168539326,-0.00674157303371,15.37939738,11.9589095239,A
167,168,A,ALA,A,0.00260164599571,0.743820224719,1.160787,0.867415730337,0.00898876404494,16.393436291,13.929336524,A
168,169,A,ASP,D,0.00262836831059,0.752808988764,1.051388,0.81797752809,0.0269662921348,19.1834331128,16.4865554013,A
169,170,A,TRP,W,0.00210852045846,0.54606741573,0.933666,0.707865168539,-0.121348314607,17.4549811506,14.4341075928,NotA
170,171,A,ALA,A,0.00201428467532,0.489887640449,0.96804,0.761797752809,-0.112359550562,15.0470076677,12.8472201273,A
171,172,A,ASP,D,0.00234616298716,0.662921348315,0.889632,0.669662921348,-0.137078651685,18.2153658853,16.5175749733,NotA
172,173,A,ILE,I,0.00207650230818,0.52808988764,0.807836,0.496629213483,-0.269662921348,19.9242809255,17.8032886288,NotA
173,174,A,ILE,I,0.00173783102894,0.294382022472,0.657479,0.161797752809,-0.665168539326,17.502545582,15.7206809967,NotA
174,175,A,ILE,I,0.00206262626704,0.523595505618,0.716986,0.296629213483,-0.514606741573,18.0278555288,16.8886373044,NotA
175,176,A,ASN,N,0.0021346081232,0.561797752809,0.733794,0.323595505618,-0.395505617978,21.6755434628,20.5800444606,NotA
176,177,A,TYR,Y,0.00171932759687,0.278651685393,0.657769,0.16404494382,-0.561797752809,21.5064887712,20.1877258501,NotA
177,178,A,LEU,L,0.00180769769364,0.357303370787,0.707641,0.276404494382,-0.478651685393,20.2855511273,18.7262955493,NotA
178,179,A,LEU,L,0.00213556286068,0.56404494382,0.698795,0.258426966292,-0.433707865169,22.9785516161,21.1661116174,NotA
179,180,A,GLU,E,0.00198197191231,0.458426966292,0.718286,0.298876404494,-0.334831460674,25.4808548602,24.0655199196,NotA
180,181,A,TYR,Y,0.00175312835146,0.312359550562,0.75607,0.357303370787,-0.289887640449,25.0011841702,23.3939016626,NotA
181,182,A,ARG,R,0.00204939731609,0.516853932584,0.774631,0.402247191011,-0.242696629213,25.0656034126,22.8537206161,NotA
182,183,A,ARG,R,0.00230698993006,0.647191011236,0.746861,0.341573033708,-0.2,28.3445335175,26.2558020255,NotA
183,184,A,HIS,H,0.00213778287452,0.566292134831,0.780199,0.413483146067,-0.0831460674157,29.7004174757,27.7838681792,NotA
184,185,A,GLY,G,0.00223783937255,0.608988764045,0.826053,0.548314606742,0.0224719101124,28.8162471722,26.4873177766,NotA
185,186,A,ILE,I,0.00185783687802,0.391011235955,0.855891,0.604494382022,-0.00898876404494,25.8218479114,23.7166425533,NotA
186,187,A,ASN,N,0.00181326781396,0.361797752809,0.859861,0.615730337079,-0.0786516853933,22.7672167242,20.3140558481,NotA
187,188,A,VAL,V,0.00142316187968,0.101123595506,1.057416,0.820224719101,0.038202247191,19.5266760637,17.3535494352,A
188,189,A,GLN,Q,0.00163003899749,0.213483146067,1.06652,0.831460674157,-0.00898876404494,17.339250693,14.7333928543,A
189,190,A,ALA,A,0.00140364349552,0.0966292134831,1.213582,0.887640449438,0.00898876404494,14.8050889004,12.8558060035,A
190,191,A,LEU,L,0.00115863807588,0.0314606741573,1.216744,0.889887640449,-0.0179775280899,13.3578525092,12.4025525599,A
191,192,A,SER,S,0.00107242224174,0.0247191011236,1.595134,0.92808988764,0.00674157303371,12.196482556,10.3850333172,A
192,193,A,VAL,V,0.00102349051491,0.0179775280899,1.631511,0.932584269663,-0.00224719101124,11.0652911128,8.0307301038,A
193,194,A,GLN,Q,0.00101185073666,0.0157303370787,0.984602,0.775280898876,-0.125842696629,14.010471462,10.3868400392,A
194,195,A,ASN,N,0.00121373390902,0.0449438202247,0.856187,0.608988764045,-0.242696629213,16.7721676712,13.395231465,NotA
195,196,A,GLU,E,0.00151832951838,0.150561797753,0.771442,0.388764044944,-0.449438202247,17.3718142301,13.6541619662,NotA
196,197,A,PRO,P,0.00160451645033,0.195505617978,0.848946,0.584269662921,-0.285393258427,15.380923933,11.0497121229,NotA
197,198,A,VAL,V,0.00210013776148,0.539325842697,0.832031,0.561797752809,-0.260674157303,17.6339351681,13.2631662132,NotA
198,199,A,ALA,A,0.00229375418721,0.631460674157,0.827407,0.550561797753,-0.191011235955,20.8418592832,16.5437209237,NotA
199,200,A,VAL,V,0.00252750701005,0.723595505618,0.716196,0.294382022472,-0.386516853933,23.4234938287,18.9007759894,NotA
200,201,A,LYS,K,0.00256958028879,0.734831460674,0.762686,0.377528089888,-0.244943820225,25.665555209,21.3726626558,NotA
201,202,A,THR,T,0.0028064425135,0.813483146067,0.825893,0.54606741573,0.0269662921348,28.9484139493,24.6223091728,NotA
202,203,A,TRP,W,0.0022540884442,0.620224719101,0.830814,0.559550561798,0.00224719101124,27.4831498425,23.4017399994,NotA
203,204,A,ASP,D,0.00181353368517,0.366292134831,0.803187,0.478651685393,-0.179775280899,24.4345603896,20.4208496885,NotA
204,205,A,SER,S,0.00179048438051,0.34606741573,0.700935,0.262921348315,-0.460674157303,21.5746840325,17.3021592005,NotA
205,206,A,CYS,C,0.00177838394869,0.334831460674,0.687566,0.240449438202,-0.555056179775,19.0427923333,14.4688380321,NotA
206,207,A,LEU,L,0.00187840701914,0.395505617978,0.94319,0.721348314607,-0.114606741573,17.3727871604,12.55835666,NotA
207,208,A,TYR,Y,0.00179161448783,0.348314606742,1.249434,0.901123595506,-0.00224719101124,13.9564436998,9.02990570272,A
208,209,A,SER,S,0.00202759991493,0.498876404494,1.422617,0.921348314607,0.0112359550562,13.3035006615,8.57552569817,A
209,210,A,VAL,V,0.00188599684773,0.397752808989,1.903656,0.948314606742,0.00224719101124,10.3357647626,6.09248881821,NotA
210,211,A,GLU,E,0.00199606397461,0.476404494382,2.321447,0.961797752809,0.00898876404494,9.60286219584,5.48815132809,NotA
211,212,A,GLU,E,0.00186735656251,0.393258426966,2.16094,0.955056179775,0.0112359550562,10.3618404706,5.54737352267,NotA
212,213,A,GLU,E,0.00155778441298,0.166292134831,2.714482,0.970786516854,0.00224719101124,8.71676788108,3.7973897614,NotA
213,214,A,THR,T,0.00170120384203,0.269662921348,4.261557,0.995505617978,0.0,5.09575445486,0.0,NotA
214,215,A,ALA,A,0.00191336454407,0.404494382022,3.584633,0.988764044944,0.00898876404494,7.24571691194,3.80848001176,NotA
215,216,A,PHE,F,0.0017201876266,0.283146067416,2.625944,0.968539325843,0.00224719101124,8.80762350713,5.34890970199,NotA
216,217,A,ALA,A,0.00166283868888,0.238202247191,2.858115,0.975280898876,-0.00674157303371,6.94357624402,5.03196919704,NotA
217,218,A,VAL,V,0.00202695911064,0.496629213483,3.105544,0.98202247191,-0.00898876404494,6.02976950948,5.65326923116,NotA
218,219,A,GLN,Q,0.0022379171011,0.611235955056,2.768198,0.973033707865,0.00898876404494,8.82497945372,7.97292480837,NotA
219,220,A,TYR,Y,0.00216842594158,0.58202247191,1.904759,0.950561797753,0.0134831460674,10.8313341828,9.42238626888,A
220,221,A,LEU,L,0.00198515745303,0.462921348315,1.690752,0.939325842697,0.0,10.5410698471,9.69165383204,A
221,222,A,ARG,R,0.00230422628454,0.640449438202,1.822073,0.941573033708,-0.0157303370787,9.46026282583,7.17996970746,NotA
222,223,A,PRO,P,0.00271541207144,0.78202247191,1.538491,0.923595505618,0.0,12.1731527118,10.1102725977,A
223,224,A,ARG,R,0.00265575724853,0.759550561798,1.205895,0.878651685393,-0.0134831460674,14.4455975098,12.6406093208,A
224,225,A,LEU,L,0.00252616665781,0.721348314607,1.180949,0.874157303371,-0.0247191011236,14.0287085723,11.471412206,A
225,226,A,ALA,A,0.00295739639547,0.847191011236,1.196997,0.876404494382,-0.00898876404494,14.5930831658,11.384862318,A
226,227,A,ARG,R,0.00329312205311,0.905617977528,1.03869,0.811235955056,-0.0134831460674,17.5604295808,14.819051859,A
227,228,A,GLN,Q,0.00314704610845,0.878651685393,0.949816,0.732584269663,-0.0651685393258,18.8885398365,16.1093846872,NotA
228,229,A,GLY,G,0.00326459548584,0.894382022472,1.024155,0.804494382022,0.00449438202247,18.6755413818,15.2373003514,A
229,230,A,MET,M,0.00275449998445,0.802247191011,1.065064,0.829213483146,-0.0269662921348,16.4708840673,13.1438230359,A
230,231,A,ASP,D,0.00284579339944,0.829213483146,1.208839,0.880898876404,-0.0134831460674,14.2254554103,10.3454434414,A
231,232,A,GLU,E,0.00275786822686,0.804494382022,1.168489,0.869662921348,-0.0112359550562,14.7439591577,10.8118348582,A
232,233,A,MET,M,0.0020353256808,0.503370786517,1.077113,0.840449438202,-0.0651685393258,13.4481341054,10.2361654441,A
233,234,A,GLU,E,0.0018947769002,0.4,1.416284,0.919101123596,-0.00898876404494,11.7108486103,8.90528775504,A
234,235,A,ILE,I,0.00147874078582,0.130337078652,2.032048,0.952808988764,-0.00674157303371,9.41622100291,7.77126984476,NotA
235,236,A,TYR,Y,0.00138770752936,0.0876404494382,1.875561,0.94606741573,-0.00449438202247,10.0417258641,9.4933963364,A
236,237,A,ILE,I,0.00138993658645,0.0898876404494,1.651647,0.934831460674,-0.0202247191011,9.47921943565,7.35671502778,NotA
237,238,A,TRP,W,0.00152350998169,0.152808988764,1.122471,0.856179775281,-0.0629213483146,12.2598015809,9.47616383354,A
238,239,A,ASP,D,0.00143763712066,0.107865168539,1.010097,0.795505617978,-0.0808988764045,14.8488805947,12.3708914392,A
239,240,A,HIS,H,0.00169255559185,0.262921348315,0.870879,0.631460674157,-0.2,17.4247744503,14.5719102729,NotA
240,241,A,ASP,D,0.00185438866135,0.388764044944,0.89391,0.674157303371,-0.0876404494382,20.1124064332,17.5896622765,NotA
241,242,A,LYS,K,0.001997912938,0.478651685393,0.951948,0.737078651685,-0.0224719101124,20.1969991297,18.3620319682,NotA
242,243,A,ASP,D,0.00218208988193,0.588764044944,1.029204,0.806741573034,0.0786516853933,21.5022442191,19.2990744338,A
243,244,A,GLY,G,0.00215517645491,0.577528089888,0.999357,0.78202247191,-0.0224719101124,18.3146351158,15.8573299455,A
244,245,A,LEU,L,0.00205545849459,0.521348314607,0.996908,0.779775280899,-0.0831460674157,16.2655146817,14.6240254718,A
245,246,A,VAL,V,0.00233896759938,0.658426966292,1.210865,0.883146067416,0.0224719101124,16.3505265204,15.2886217495,A
246,247,A,ASP,D,0.00236396073508,0.669662921348,1.246103,0.898876404494,0.0337078651685,16.0656635355,14.1956340471,A
247,248,A,TRP,W,0.00208285199351,0.532584269663,1.309877,0.916853932584,0.00449438202247,12.8874766252,10.5943673242,A
248,249,A,ALA,A,0.00214124101636,0.568539325843,1.565726,0.925842696629,-0.00674157303371,11.4493724415,10.2884891505,A
249,250,A,GLU,E,0.00245585135157,0.703370786517,1.665428,0.937078651685,0.0224719101124,12.8482253269,11.1118258626,A
250,251,A,LEU,L,0.00233132800344,0.656179775281,1.853313,0.943820224719,0.0134831460674,11.45717724,9.89956791986,A
251,252,A,ALA,A,0.00206990861241,0.525842696629,2.23456,0.957303370787,-0.0202247191011,8.09236840057,6.58614766005,NotA
252,253,A,PHE,F,0.00235896064771,0.667415730337,2.563751,0.96404494382,-0.0112359550562,8.20773973864,5.68811858175,NotA
253,254,A,ALA,A,0.00268490026693,0.770786516854,2.301627,0.959550561798,0.0179775280899,10.4510574125,7.76297591134,NotA
254,255,A,ASP,D,0.00257643345418,0.737078651685,2.884745,0.977528089888,0.00449438202247,8.34306463205,5.37374971505,NotA
255,256,A,GLU,E,0.00281284785298,0.815730337079,2.975618,0.979775280899,0.00898876404494,8.48664736473,5.43017614816,NotA
256,257,A,ALA,A,0.00255489115849,0.730337078652,3.822431,0.993258426966,0.00674157303371,6.40734940749,3.8023849095,NotA
257,258,A,ASN,N,0.00213241891663,0.559550561798,4.622674,1.0,0.0,3.84434487141,0.0,NotA
258,259,A,TYR,Y,0.0024398493337,0.698876404494,3.557763,0.984269662921,-0.00449438202247,6.37452608425,3.78597900153,NotA
259,260,A,LYS,K,0.00264400673609,0.757303370787,3.603243,0.991011235955,0.00674157303371,6.76330503033,3.7942088767,NotA
260,261,A,GLY,G,0.00218927422238,0.593258426966,4.55818,0.997752808989,0.0,4.65570236365,0.0,NotA
261,262,A,ILE,I,0.00179810904957,0.352808988764,3.570576,0.986516853933,-0.00674157303371,5.84619771354,3.80720934544,NotA
262,263,A,ASN,N,0.00192806960292,0.413483146067,2.623041,0.966292134831,0.00449438202247,9.08353033945,6.70976229087,NotA
263,264,A,GLY,G,0.00179802310614,0.350561797753,1.610181,0.930337078652,-0.0179775280899,10.2609444342,9.41167732129,A
264,265,A,LEU,L,0.00167818352088,0.256179775281,1.269159,0.907865168539,-0.0179775280899,11.7513273133,11.2565161129,A
265,266,A,ALA,A,0.00154197713535,0.16404494382,1.067609,0.833707865169,-0.0539325842697,14.5318598827,13.4505127783,A
266,267,A,PHE,F,0.00167702655117,0.25393258427,0.962176,0.750561797753,-0.0831460674157,17.3877235507,15.774260363,A
267,268,A,HIS,H,0.00167913508949,0.258426966292,0.968165,0.76404494382,0.0202247191011,20.7841982842,18.7880702043,A
268,269,A,TRP,W,0.00167415946781,0.247191011236,1.017746,0.8,0.130337078652,24.0627472324,22.1073556085,A
269,270,A,TYR,Y,0.00176495880544,0.321348314607,0.986532,0.777528089888,0.148314606742,25.5560346545,22.9697708739,A
270,271,A,THR,T,0.00196270241297,0.440449438202,1.000799,0.784269662921,0.175280898876,25.9279129224,23.3530442983,A
271,272,A,GLY,G,0.00203738810302,0.505617977528,0.949146,0.72808988764,0.161797752809,27.3711336357,25.3711416771,NotA
272,273,A,ASP,D,0.00205196895133,0.519101123596,0.936003,0.714606741573,0.132584269663,26.8699112685,25.5048387762,NotA
273,274,A,HIS,H,0.0021723900423,0.584269662921,0.954879,0.741573033708,0.0876404494382,24.7652543672,23.5015098451,NotA
274,275,A,PHE,F,0.00214490330223,0.570786516854,0.935676,0.712359550562,0.0561797752809,24.5686602605,24.0189908406,NotA
275,276,A,SER,S,0.00248832035896,0.714606741573,0.952616,0.739325842697,0.0741573033708,24.1773364494,23.4152592555,NotA
276,277,A,GLN,Q,0.00231367304865,0.649438202247,0.920756,0.696629213483,-0.0494382022472,20.6617240909,19.90152969,NotA
277,278,A,ILE,I,0.00204623493756,0.514606741573,0.875274,0.642696629213,-0.137078651685,19.7352554383,19.1450148342,NotA
278,279,A,GLN,Q,0.00230491473964,0.644943820225,0.919871,0.694382022472,-0.0224719101124,21.7151331835,20.8138402271,NotA
279,280,A,TYR,Y,0.00254173004127,0.72808988764,0.903566,0.683146067416,-0.0696629213483,20.3128021998,19.0467825367,NotA
280,281,A,LEU,L,0.00232512644692,0.651685393258,0.855645,0.6,-0.249438202247,16.793633473,15.5655759611,NotA
281,282,A,ALA,A,0.00228430603198,0.626966292135,0.923757,0.698876404494,-0.103370786517,18.34370277,17.2780232087,NotA
282,283,A,GLN,Q,0.00268998111638,0.773033707865,0.959821,0.748314606742,-0.0202247191011,19.8736280257,18.4038752713,NotA
283,284,A,CYS,C,0.00272881414374,0.793258426966,0.871528,0.633707865169,-0.208988764045,17.130646874,15.3360875389,NotA
284,285,A,LEU,L,0.00245914348395,0.705617977528,0.915212,0.692134831461,-0.197752808989,14.4468966935,12.8534130098,NotA
285,286,A,PRO,P,0.00247486880408,0.710112359551,1.007211,0.791011235955,-0.0561797752809,16.842367953,15.4829111927,A
286,287,A,ASP,D,0.00243021692181,0.692134831461,1.094933,0.849438202247,-0.0337078651685,14.6279062946,12.5046900801,A
287,288,A,LYS,K,0.00222531845389,0.606741573034,1.253928,0.903370786517,-0.0134831460674,12.4800449692,10.8431405967,A
288,289,A,LYS,K,0.00204125947084,0.510112359551,1.300225,0.912359550562,0.0157303370787,14.149737497,12.7277951743,A
289,290,A,LEU,L,0.00193991007096,0.422471910112,1.082843,0.844943820225,-0.0224719101124,15.6468783733,15.1886059268,A
290,291,A,LEU,L,0.00175207165038,0.310112359551,0.958084,0.74606741573,-0.0988764044944,17.0036905776,16.4845523142,NotA
291,292,A,PHE,F,0.00167175982811,0.242696629213,0.983928,0.773033707865,-0.00449438202247,19.7464546341,19.0921147598,A
292,293,A,SER,S,0.00144425318657,0.116853932584,0.838085,0.573033707865,-0.213483146067,19.2676176659,18.0958302932,NotA
293,294,A,GLU,E,0.00143407215215,0.103370786517,0.836143,0.568539325843,-0.143820224719,22.1167505288,20.3548286163,NotA
294,295,A,GLY,G,0.00147463356922,0.12808988764,0.820733,0.532584269663,-0.105617977528,25.3394956626,23.4286985554,NotA
295,296,A,CYS,C,0.00161758289747,0.2,0.731863,0.319101123596,-0.204494382022,28.8706454714,26.7758521806,NotA
296,297,A,VAL,V,0.00178789181149,0.343820224719,0.676788,0.222471910112,-0.202247191011,32.1234677622,29.8483664712,NotA
297,298,A,PRO,P,0.00197324654547,0.449438202247,0.712441,0.289887640449,-0.0674157303371,34.4246562165,31.7671765349,NotA
298,299,A,MET,M,0.00196161381986,0.43595505618,0.730041,0.316853932584,0.0561797752809,37.7545400767,35.1396684247,NotA
299,300,A,GLU,E,0.00221062357705,0.6,0.711124,0.285393258427,0.0786516853933,40.4414075425,37.8706645704,NotA
300,301,A,SER,S,0.002535515071,0.725842696629,0.796281,0.462921348315,0.339325842697,44.1046632721,41.6007471808,NotA
301,302,A,ASP,D,0.00292258484191,0.840449438202,0.86906,0.629213483146,0.525842696629,45.5568778438,43.1518057212,NotA
302,303,A,ALA,A,0.0030158908283,0.862921348315,0.862628,0.620224719101,0.548314606742,46.9770429481,44.9026087104,NotA
303,304,A,GLY,G,0.00271237302695,0.779775280899,0.79064,0.440449438202,0.319101123596,44.1703634978,42.2498194789,NotA
304,305,A,SER,S,0.00229393751,0.633707865169,0.757105,0.359550561798,0.175280898876,41.2784282647,39.2329233553,NotA
305,306,A,GLN,Q,0.00210460228891,0.541573033708,0.707784,0.278651685393,0.0786516853933,40.7994224178,39.1252863248,NotA
306,307,A,ILE,I,0.00215052832282,0.575280898876,0.665624,0.18202247191,-0.00674157303371,40.9733241022,39.5284935331,NotA
307,308,A,ARG,R,0.00224030367793,0.615730337079,0.658382,0.168539325843,-0.0808988764045,38.468241549,36.7686724672,NotA
308,309,A,HIS,H,0.00199220010417,0.47191011236,0.617414,0.0786516853933,-0.215730337079,36.022753899,34.3712044305,NotA
309,310,A,TRP,W,0.00176955268441,0.323595505618,0.569759,0.0292134831461,-0.249438202247,36.7275851837,35.5601607139,NotA
310,311,A,HIS,H,0.00185061708207,0.384269662921,0.570979,0.0359550561798,-0.265168539326,35.8960667399,34.7428239065,NotA
311,312,A,THR,T,0.00200135385663,0.480898876404,0.586581,0.0494382022472,-0.355056179775,32.688990005,31.2671384844,NotA
312,313,A,TYR,Y,0.00177962872014,0.337078651685,0.539473,0.0157303370787,-0.442696629213,31.2223356327,30.1631184396,NotA
313,314,A,LEU,L,0.00157348134203,0.175280898876,0.551991,0.0202247191011,-0.388764044944,32.562990008,31.9757378961,NotA
314,315,A,HIS,H,0.00170021250675,0.267415730337,0.659579,0.173033707865,-0.262921348315,31.846491617,31.1167200874,NotA
315,316,A,ASP,D,0.00185187624701,0.386516853933,0.666685,0.184269662921,-0.361797752809,28.1909117945,27.3481577807,NotA
316,317,A,MET,M,0.00170769073806,0.27191011236,0.638831,0.110112359551,-0.442696629213,27.681849688,27.3701571972,NotA
317,318,A,ILE,I,0.00158526000511,0.18202247191,0.742949,0.332584269663,-0.168539325843,29.5346428608,29.3317682556,NotA
318,319,A,GLY,G,0.00176481710753,0.319101123596,0.823233,0.537078651685,-0.0134831460674,27.8193686384,27.6958308415,NotA
319,320,A,ASN,N,0.00182159437614,0.373033707865,0.757563,0.361797752809,-0.298876404494,24.331218342,24.2901025317,NotA
320,321,A,PHE,F,0.00172595571649,0.289887640449,0.793402,0.447191011236,-0.195505617978,25.1206850466,24.5227441572,NotA
321,322,A,LYS,K,0.00171023816513,0.274157303371,0.82522,0.541573033708,-0.0337078651685,27.0466798793,26.6073794463,NotA
322,323,A,SER,S,0.00197428062875,0.45393258427,0.849657,0.586516853933,-0.0808988764045,24.1051214619,23.5951494592,NotA
323,324,A,GLY,G,0.00196395679779,0.442696629213,0.794635,0.451685393258,-0.280898876404,21.4870683832,20.8722119815,NotA
324,325,A,CYS,C,0.00189929212779,0.402247191011,0.794949,0.45393258427,-0.294382022472,20.5888197934,19.9569875482,NotA
325,326,A,SER,S,0.00195666455868,0.431460674157,0.904502,0.685393258427,-0.0988764044944,19.4755027372,18.1432143514,NotA
326,327,A,GLY,G,0.00182076085335,0.370786516854,0.814212,0.516853932584,-0.220224719101,21.0975137487,19.910481059,NotA
327,328,A,PHE,F,0.00165290561845,0.224719101124,0.829109,0.555056179775,-0.134831460674,23.0846560133,22.3693892854,NotA
328,329,A,ILE,I,0.00144135867807,0.112359550562,0.772449,0.391011235955,-0.296629213483,23.0876003849,22.4438498703,NotA
329,330,A,ASP,D,0.00144309498038,0.114606741573,0.773452,0.395505617978,-0.215730337079,25.8649094862,24.6954209116,NotA
330,331,A,TRP,W,0.00137087456358,0.0831460674157,0.760129,0.370786516854,-0.23595505618,25.9910591229,24.1959603447,NotA
331,332,A,ASN,N,0.0013026171459,0.0606741573034,0.797586,0.469662921348,-0.0584269662921,28.7446968454,26.8784056261,NotA
332,333,A,LEU,L,0.00137840799384,0.085393258427,0.740315,0.32808988764,-0.143820224719,30.5557907621,29.2088430959,NotA
333,334,A,LEU,L,0.00143879994888,0.110112359551,0.74985,0.343820224719,-0.038202247191,33.6115923088,31.9644637997,NotA
334,335,A,LEU,L,0.0014999140775,0.139325842697,0.690589,0.247191011236,-0.0831460674157,35.1934308463,33.0781907153,NotA
335,336,A,ASN,N,0.00175431821144,0.314606741573,0.653613,0.14606741573,-0.0921348314607,38.7255954507,36.4488963619,NotA
336,337,A,SER,S,0.00200788162759,0.483146067416,0.644133,0.123595505618,-0.0584269662921,41.3373701626,39.0195002275,NotA
337,338,A,GLU,E,0.00198577604584,0.465168539326,0.685773,0.23595505618,0.0247191011236,40.3129256952,37.6346935287,NotA
338,339,A,GLY,G,0.00171170196383,0.276404494382,0.70191,0.267415730337,-0.0157303370787,36.5893830949,33.9866471574,NotA
339,340,A,GLY,G,0.00164704008795,0.21797752809,0.637589,0.107865168539,-0.197752808989,35.7620867477,32.9737288913,NotA
340,341,A,PRO,P,0.00158340423348,0.179775280899,0.667532,0.188764044944,-0.132584269663,35.345556831,32.4449204961,NotA
341,342,A,ASN,N,0.00162083635235,0.204494382022,0.684097,0.233707865169,-0.159550561798,32.9895017399,29.7614430094,NotA
342,343,A,HIS,H,0.00176956438929,0.325842696629,0.728726,0.312359550562,-0.0786516853933,33.2158729983,29.6486748945,NotA
343,344,A,GLN,Q,0.00198181294988,0.456179775281,0.668331,0.195505617978,-0.2,32.977384688,29.1703926782,NotA
344,345,A,GLY,G,0.00203808681554,0.507865168539,0.57495,0.0404494382022,-0.283146067416,35.3351699982,31.7400296314,NotA
345,346,A,ASN,N,0.00191820414442,0.411235955056,0.588282,0.0516853932584,-0.350561797753,32.7485832752,29.31468197,NotA
346,347,A,LEU,L,0.00181347967378,0.36404494382,0.618429,0.0808988764045,-0.265168539326,34.6780292981,31.6102177943,NotA
347,348,A,CYS,C,0.0017800586136,0.339325842697,0.654198,0.150561797753,-0.233707865169,33.4477777144,30.760324982,NotA
348,349,A,GLU,E,0.0016493728704,0.220224719101,0.733234,0.321348314607,-0.0179775280899,34.7678655023,32.5262545185,NotA
349,350,A,ALA,A,0.00148864336431,0.132584269663,0.667892,0.193258426966,-0.193258426966,33.4198138682,31.5805856975,NotA
350,351,A,PRO,P,0.00157453625943,0.177528089888,0.619014,0.0831460674157,-0.267415730337,34.5586910609,33.2068807779,NotA
351,352,A,ILE,I,0.00165629453111,0.226966292135,0.676001,0.215730337079,-0.0651685393258,36.7064125491,35.3323005478,NotA
352,353,A,GLN,Q,0.00174772890379,0.303370786517,0.656107,0.155056179775,-0.0921348314607,38.49604467,36.7364535714,NotA
353,354,A,TYR,Y,0.00197217174009,0.447191011236,0.63162,0.101123595506,-0.0898876404494,40.8767075415,39.0929549791,NotA
354,355,A,ASP,D,0.00234204183116,0.660674157303,0.601751,0.0651685393258,-0.0606741573034,44.0915771894,42.0957411029,NotA
355,356,A,ALA,A,0.00246743717403,0.707865168539,0.583678,0.047191011236,-0.0651685393258,44.8920478847,42.8892097619,NotA
356,357,A,GLN,Q,0.00293605646255,0.842696629213,0.570812,0.0337078651685,0.00224719101124,48.4445871396,46.314956785,NotA
357,358,A,ASN,N,0.00309526597027,0.87191011236,0.588587,0.0539325842697,0.038202247191,49.5881841174,47.734636785,NotA
358,359,A,ASP,D,0.00275832443478,0.806741573034,0.604129,0.0719101123596,-0.00224719101124,46.9550243058,45.3392180568,NotA
359,360,A,VAL,V,0.00271609135247,0.784269662921,0.600189,0.0629213483146,-0.0224719101124,46.1455689922,44.6226149503,NotA
360,361,A,LEU,L,0.00229837569648,0.638202247191,0.642497,0.119101123596,-0.0314606741573,42.9576989197,41.614256175,NotA
361,362,A,ARG,R,0.00208475873961,0.534831460674,0.662334,0.179775280899,0.0134831460674,42.2192813802,40.822966024,NotA
362,363,A,ARG,R,0.00181548959421,0.368539325843,0.721171,0.303370786517,0.0898876404494,40.1330504688,38.9829735782,NotA
363,364,A,ASN,N,0.00167230998333,0.244943820225,0.677221,0.224719101124,-0.00674157303371,39.2135190436,37.8623198048,NotA
364,365,A,HIS,H,0.00174086592092,0.298876404494,0.633817,0.103370786517,-0.130337078652,38.9886732777,37.8651435096,NotA
365,366,A,SER,S,0.00166690866847,0.240449438202,0.548016,0.0179775280899,-0.310112359551,35.2035649834,34.1033580165,NotA
366,367,A,TRP,W,0.00162791637286,0.211235955056,0.570116,0.0314606741573,-0.283146067416,35.5208646731,34.7193131989,NotA
367,368,A,TYR,Y,0.00158725397655,0.186516853933,0.566522,0.0269662921348,-0.242696629213,37.5284195834,36.9911984261,NotA
368,369,A,GLY,G,0.00156855865002,0.170786516854,0.473305,0.0112359550562,-0.314606741573,35.3182067964,34.827246934,NotA
369,370,A,ILE,I,0.00158664293323,0.184269662921,0.425743,0.00674157303371,-0.411235955056,32.2605698577,31.678096802,NotA
370,371,A,GLY,G,0.00151433206557,0.14606741573,0.423197,0.00449438202247,-0.337078651685,34.6847168828,33.7247508071,NotA
371,372,A,HIS,H,0.0013682937491,0.0808988764045,0.380533,0.00224719101124,-0.314606741573,35.39775799,34.4295195581,NotA
372,373,A,PHE,F,0.00141365765176,0.0988764044944,0.454013,0.00898876404494,-0.422471910112,31.9219643694,30.7759857194,NotA
373,374,A,CYS,C,0.00146835455828,0.125842696629,0.525358,0.0134831460674,-0.449438202247,30.9943273916,29.5938889638,NotA
374,375,A,ARG,R,0.00152945250863,0.157303370787,0.561354,0.0247191011236,-0.334831460674,34.3983710486,32.7912766754,NotA
375,376,A,TYR,Y,0.00156260170498,0.168539325843,0.552031,0.0224719101124,-0.339325842697,34.2875327721,32.4715519956,NotA
376,377,A,VAL,V,0.00165985571482,0.233707865169,0.578862,0.0449438202247,-0.420224719101,30.827179864,28.9324446599,NotA
377,378,A,ARG,R,0.00180823849243,0.359550561798,0.644116,0.121348314607,-0.393258426966,29.2117816557,26.9103078578,NotA
378,379,A,PRO,P,0.00203079552996,0.501123595506,0.671339,0.206741573034,-0.413483146067,25.6968339078,23.2106659965,NotA
379,380,A,GLY,G,0.00238024228058,0.676404494382,0.736025,0.325842696629,-0.325842696629,24.8938129613,22.158107004,NotA
380,381,A,ALA,A,0.00211058167614,0.550561797753,0.782042,0.420224719101,-0.152808988764,27.177664908,24.7868389271,NotA
381,382,A,ARG,R,0.00202061984153,0.492134831461,0.867014,0.626966292135,0.0314606741573,26.4003202254,24.2756384262,NotA
382,383,A,VAL,V,0.00177454038923,0.330337078652,0.954931,0.743820224719,0.179775280899,27.396635924,25.8030433089,NotA
383,384,A,MET,M,0.00183731867759,0.38202247191,1.177776,0.87191011236,0.388764044944,30.3258975002,28.7390720971,A
384,385,A,LEU,L,0.00218603288029,0.591011235955,1.27403,0.910112359551,0.458426966292,31.5132181287,30.277572079,A
385,386,A,SER,S,0.00221475891099,0.604494382022,1.256941,0.905617977528,0.534831460674,34.2097536038,33.2435290696,A
386,387,A,SER,S,0.00266201249144,0.76404494382,1.113854,0.85393258427,0.555056179775,35.9412173628,35.3377380997,A
387,388,A,SER,S,0.00282678618845,0.820224719101,0.978797,0.770786516854,0.519101123596,38.3122743453,37.8365035647,A
388,389,A,TYR,Y,0.00351914628033,0.921348314607,0.882585,0.656179775281,0.480898876404,41.4420997475,40.8943975625,NotA
389,390,A,ASP,D,0.00332085333043,0.907865168539,0.795038,0.456179775281,0.262921348315,40.8522671834,40.4357708718,NotA
390,391,A,ASN,N,0.00313829722639,0.874157303371,0.769168,0.38202247191,0.119101123596,37.6241714746,37.2682758388,NotA
391,392,A,LEU,L,0.00287313940652,0.833707865169,0.703219,0.269662921348,0.0426966292135,39.4043416366,39.1144307002,NotA
392,393,A,LEU,L,0.00215037972703,0.573033707865,0.754855,0.355056179775,0.125842696629,39.3546383234,39.2634215651,NotA
393,394,A,GLU,E,0.00174977885939,0.305617977528,0.787649,0.431460674157,0.121348314607,35.6778744939,35.6253939487,NotA
394,395,A,GLU,E,0.0012748957372,0.0561797752809,0.934717,0.710112359551,0.361797752809,34.5655932478,34.093451952,NotA
395,396,A,VAL,V,0.00121730070031,0.047191011236,0.966488,0.757303370787,0.319101123596,31.8219958772,31.0196249816,A
396,397,A,GLY,G,0.00132739324787,0.0696629213483,1.112929,0.851685393258,0.43595505618,32.3372774223,31.0408331235,A
397,398,A,PHE,F,0.00153411179483,0.161797752809,1.002432,0.788764044944,0.319101123596,30.6681790333,28.939886109,A
398,399,A,VAL,V,0.00193572083012,0.420224719101,1.001476,0.786516853933,0.343820224719,31.6861900545,29.5053514129,A
399,400,A,ASN,N,0.00215534632988,0.579775280899,0.825295,0.543820224719,0.0876404494382,31.2357122553,28.775946292,NotA
400,401,A,PRO,P,0.00272895329484,0.795505617978,0.808275,0.503370786517,0.0269662921348,30.5105305036,27.6281981678,NotA
401,402,A,ASP,D,0.00301467265234,0.860674157303,0.817653,0.525842696629,0.159550561798,34.2606309892,31.3266792527,NotA
402,403,A,GLY,G,0.0027189433888,0.786516853933,0.943476,0.723595505618,0.388764044944,35.0562083869,32.3727866888,NotA
403,404,A,GLU,E,0.00248279325182,0.712359550562,0.866203,0.624719101124,0.334831460674,36.2777812145,33.8742356962,NotA
404,405,A,ARG,R,0.00195250328382,0.429213483146,1.007524,0.793258426966,0.496629213483,36.0070091663,33.9661287314,A
405,406,A,VAL,V,0.00149656361086,0.134831460674,0.962372,0.755056179775,0.422471910112,35.1834448494,33.4707096728,A
406,407,A,LEU,L,0.00120732452849,0.0404494382022,1.073866,0.838202247191,0.534831460674,35.7848029945,34.4906396722,A
407,408,A,VAL,V,0.00105275552766,0.0202247191011,0.843423,0.577528089888,0.258426966292,35.3632764172,34.4390304161,NotA
408,409,A,VAL,V,0.00122630381497,0.0516853932584,0.773043,0.393258426966,0.125842696629,37.5918101022,37.0062133837,NotA
409,410,A,TYR,Y,0.00153111835756,0.159550561798,0.679287,0.226966292135,-0.0292134831461,38.010599663,37.8128858063,NotA
410,411,A,ASN,N,0.00213164162339,0.557303370787,0.675362,0.213483146067,0.0179775280899,40.8184469296,40.5718478751,NotA
411,412,A,ARG,R,0.00258691495568,0.741573033708,0.661776,0.177528089888,-0.0404494382022,40.028509596,39.3639668352,NotA
412,413,A,ASP,D,0.00317104568871,0.885393258427,0.65902,0.170786516854,0.0269662921348,43.372820326,42.7007318556,NotA
413,414,A,VAL,V,0.00365785068254,0.92808988764,0.656135,0.157303370787,0.0741573033708,46.177901276,45.2692468018,NotA
414,415,A,GLN,Q,0.00380188552858,0.941573033708,0.666694,0.186516853933,0.157303370787,48.4693558529,47.8666041724,NotA
415,416,A,GLU,E,0.00349331362181,0.919101123596,0.687695,0.242696629213,0.215730337079,48.7498124301,48.4712607016,NotA
416,417,A,ARG,R,0.00328156060275,0.901123595506,0.676256,0.21797752809,0.152808988764,47.0474907624,46.9985409348,NotA
417,418,A,ARG,R,0.00341695380602,0.914606741573,0.712546,0.292134831461,0.242696629213,47.4418960321,47.0987366285,NotA
418,419,A,CYS,C,0.00327496744564,0.898876404494,0.785308,0.424719101124,0.316853932584,45.3065577225,44.7619725883,NotA
419,420,A,ARG,R,0.00339781986206,0.912359550562,0.861205,0.61797752809,0.519101123596,45.6587046488,44.7957915322,NotA
420,421,A,VAL,V,0.00286003022368,0.831460674157,0.969213,0.766292134831,0.613483146067,42.7625639308,41.669806539,A
421,422,A,LEU,L,0.00328871995129,0.903370786517,1.021301,0.802247191011,0.656179775281,43.2274270613,41.9765907858,A
422,423,A,ASP,D,0.00327187793096,0.896629213483,1.061994,0.826966292135,0.658426966292,41.878463081,40.2941098549,A
423,424,A,GLY,G,0.00407944676658,0.957303370787,1.06063,0.822471910112,0.680898876404,43.4609611524,41.7787346984,A
424,425,A,ASP,D,0.00486237971207,0.98202247191,0.951674,0.734831460674,0.674157303371,47.2077047966,45.5190786704,NotA
425,426,A,LYS,K,0.0043542028748,0.968539325843,0.905292,0.687640449438,0.620224719101,47.0083043074,45.3357075714,NotA
426,427,A,GLU,E,0.00393295710925,0.943820224719,0.880322,0.649438202247,0.570786516854,46.7727877462,45.3672862314,NotA
427,428,A,ILE,I,0.00375989643541,0.937078651685,0.805809,0.492134831461,0.43595505618,47.2299347642,45.9303757986,NotA
428,429,A,ALA,A,0.00378208595793,0.939325842697,0.761137,0.375280898876,0.339325842697,48.3425485667,47.352812039,NotA
429,430,A,LEU,L,0.00323522864757,0.889887640449,0.758453,0.36404494382,0.287640449438,46.7952817378,45.9717479763,NotA
430,431,A,THR,T,0.00323917705576,0.892134831461,0.721121,0.301123595506,0.256179775281,47.9744008073,47.4393875277,NotA
431,432,A,LEU,L,0.00262717945236,0.750561797753,0.698568,0.256179775281,0.166292134831,45.791619643,45.447078773,NotA
432,433,A,PRO,P,0.0029704943397,0.849438202247,0.709651,0.280898876404,0.222471910112,47.2296295827,46.9416463069,NotA
433,434,A,PRO,P,0.00298438264448,0.85393258427,0.683478,0.229213483146,0.132584269663,45.6933998061,45.0824373454,NotA
434,435,A,SER,S,0.00243050495474,0.694382022472,0.661201,0.175280898876,0.0112359550562,42.2545396691,41.5750357907,NotA
435,436,A,GLY,G,0.00211966425471,0.552808988764,0.671907,0.208988764045,0.0539325842697,42.7258028599,42.4155061858,NotA
436,437,A,ALA,A,0.00156908079403,0.173033707865,0.639688,0.112359550562,-0.107865168539,39.9751299134,39.5446441759,NotA
437,438,A,SER,S,0.00146716968834,0.123595505618,0.670354,0.2,-0.00449438202247,40.4490977768,39.6289974766,NotA
438,439,A,THR,T,0.00131587599642,0.0629213483146,0.727336,0.310112359551,0.0674157303371,38.5041829051,37.3378096572,NotA
439,440,A,LEU,L,0.00167493922392,0.249438202247,0.807947,0.501123595506,0.285393258427,40.0833340591,38.64565898,NotA
440,441,A,LEU,L,0.00210619739079,0.543820224719,0.760673,0.373033707865,0.150561797753,39.5391966156,37.7195878822,NotA
441,442,A,TRP,W,0.00272243909715,0.791011235955,0.809948,0.507865168539,0.321348314607,40.9783488129,38.9165631319,NotA
442,443,A,ARG,R,0.00306867765351,0.865168539326,0.886374,0.665168539326,0.467415730337,40.8140755724,38.4564721471,NotA
443,444,A,GLN,Q,0.00360615599364,0.925842696629,0.962305,0.752808988764,0.58202247191,41.8508951444,39.448761831,A
444,445,A,GLU,E,0.00460584132543,0.979775280899,0.864596,0.622471910112,0.516853932584,45.4715871382,42.974766189,NotA
